asistencia;inscripcion;idEgresado;idEvento;idFechaInicio;idFechaFin;idUnidadAcademica;idPerfilPractica;idPerfilPersonal;idPerfilGrado
1;1;-1;4;4;4;2;-1;-1;-1
0;1;-1;1053;508;507;65;-1;-1;-1
0;1;-1;1065;511;512;65;-1;-1;-1
0;1;-1;1055;510;509;65;-1;-1;-1
0;1;-1;1058;509;511;65;-1;-1;-1
0;1;-1;1061;509;511;65;-1;-1;-1
0;1;-1;1063;511;512;65;-1;-1;-1
0;1;-1;1051;508;507;65;-1;-1;-1
0;1;-1;1064;511;512;65;-1;-1;-1
0;1;-1;1056;510;509;65;-1;-1;-1
0;1;-1;1060;509;511;65;-1;-1;-1
0;1;-1;1054;510;509;65;-1;-1;-1
0;1;-1;1059;509;511;65;-1;-1;-1
0;1;-1;1062;511;512;65;-1;-1;-1
0;1;-1;1062;509;511;65;-1;-1;-1
0;1;-1;1057;510;509;65;-1;-1;-1
0;1;-1;1052;508;507;65;-1;-1;-1
0;1;-1;1050;508;507;65;-1;-1;-1
0;1;-1;223;175;175;1;-1;-1;-1
0;1;-1;294;56;56;2;-1;-1;-1
0;1;-1;228;33;33;27;-1;-1;-1
0;1;2420;407;43;43;8;-1;7134;-1
0;1;-1;159;131;131;24;-1;-1;-1
0;1;-1;55;48;48;1;-1;-1;-1
0;1;-1;658;392;392;55;-1;-1;-1
0;1;-1;474;40;40;2;-1;-1;-1
0;1;-1;486;321;321;25;-1;-1;-1
0;1;-1;141;90;90;3;-1;-1;-1
0;1;-1;681;60;60;2;-1;-1;-1
0;1;-1;822;448;448;2;-1;-1;-1
1;1;-1;124;107;107;2;-1;-1;-1
0;1;-1;21;23;23;2;-1;-1;-1
0;1;-1;231;23;23;5;-1;-1;-1
0;1;-1;118;101;101;2;-1;-1;-1
0;1;-1;183;150;150;8;-1;-1;-1
0;1;-1;488;323;323;8;-1;-1;-1
0;1;-1;420;284;284;1;-1;-1;-1
0;1;-1;305;217;217;2;-1;-1;-1
1;1;-1;46;45;45;1;-1;-1;-1
0;1;-1;20;22;22;5;-1;-1;-1
0;1;-1;652;72;72;7;-1;-1;-1
0;1;-1;580;368;368;2;-1;-1;-1
0;1;-1;315;223;223;5;-1;-1;-1
0;1;-1;394;218;218;2;-1;-1;-1
0;1;-1;733;408;408;2;-1;-1;-1
0;1;-1;727;408;408;1;-1;-1;-1
0;1;-1;117;100;100;1;-1;-1;-1
0;1;-1;946;94;93;2;-1;-1;-1
1;1;-1;307;218;218;5;-1;-1;-1
0;1;-1;909;70;70;2;-1;-1;-1
0;1;-1;79;70;70;1;-1;-1;-1
0;1;-1;554;357;357;1;-1;-1;-1
0;1;-1;274;202;202;3;-1;-1;-1
1;1;-1;589;224;224;2;-1;-1;-1
0;1;-1;101;86;86;3;-1;-1;-1
1;1;-1;746;415;415;3;-1;-1;-1
1;1;-1;76;67;67;1;-1;-1;-1
1;1;-1;159;85;85;3;-1;-1;-1
0;1;-1;290;12;12;1;-1;-1;-1
1;1;-1;548;310;310;5;-1;-1;-1
0;1;-1;307;218;218;5;-1;-1;-1
0;1;-1;222;40;40;2;-1;-1;-1
0;1;-1;72;63;63;11;-1;-1;-1
0;1;-1;462;315;315;3;-1;-1;-1
0;1;-1;248;189;189;20;-1;-1;-1
0;1;-1;261;195;195;1;-1;-1;-1
0;1;-1;104;51;51;3;-1;-1;-1
1;1;-1;350;242;242;3;-1;-1;-1
0;1;-1;693;209;209;8;-1;-1;-1
1;1;-1;528;344;344;2;-1;-1;-1
0;1;-1;148;124;124;3;-1;-1;-1
0;1;-1;51;46;46;3;-1;-1;-1
0;1;-1;29;31;31;6;-1;-1;-1
1;1;-1;538;9;9;2;-1;-1;-1
0;1;-1;336;42;42;23;-1;-1;-1
0;1;-1;460;45;45;16;-1;-1;-1
0;1;-1;163;133;133;3;-1;-1;-1
0;1;-1;602;372;372;52;-1;-1;-1
0;1;-1;735;133;133;2;-1;-1;-1
0;1;-1;75;66;66;1;-1;-1;-1
0;1;-1;284;205;205;19;-1;-1;-1
0;1;-1;657;376;376;2;-1;-1;-1
0;1;-1;676;206;206;1;-1;-1;-1
0;1;-1;298;95;95;1;-1;-1;-1
0;1;-1;206;166;166;3;-1;-1;-1
0;1;-1;140;119;119;21;-1;-1;-1
1;1;-1;31;32;32;1;-1;-1;-1
1;1;-1;757;420;420;48;-1;-1;-1
0;1;-1;111;96;96;1;-1;-1;-1
0;1;-1;126;3;3;9;-1;-1;-1
0;1;-1;127;109;109;19;-1;-1;-1
0;1;-1;330;229;229;3;-1;-1;-1
0;1;-1;150;125;125;3;-1;-1;-1
0;1;-1;153;127;127;3;-1;-1;-1
0;1;-1;9;10;10;4;-1;-1;-1
0;1;-1;115;51;51;1;-1;-1;-1
1;1;-1;758;420;420;48;-1;-1;-1
1;1;-1;7;8;7;2;-1;-1;-1
0;1;-1;36;36;36;1;-1;-1;-1
1;1;-1;118;101;101;2;-1;-1;-1
0;1;-1;636;310;310;2;-1;-1;-1
1;1;-1;55;48;48;1;-1;-1;-1
1;1;-1;329;144;144;1;-1;-1;-1
0;1;-1;181;148;148;3;-1;-1;-1
0;1;-1;13;15;15;1;-1;-1;-1
1;1;-1;95;82;82;2;-1;-1;-1
1;1;-1;310;220;220;5;-1;-1;-1
1;1;-1;667;220;220;2;-1;-1;-1
1;1;-1;96;83;83;2;-1;-1;-1
0;1;-1;282;88;88;19;-1;-1;-1
0;1;-1;683;395;395;3;-1;-1;-1
0;1;-1;396;272;272;3;-1;-1;-1
0;1;-1;155;128;128;19;-1;-1;-1
0;1;-1;732;231;231;2;-1;-1;-1
0;1;-1;125;108;108;6;-1;-1;-1
0;1;-1;328;231;231;3;-1;-1;-1
0;1;-1;461;314;314;3;-1;-1;-1
0;1;-1;377;259;259;3;-1;-1;-1
0;1;-1;825;447;447;1;-1;-1;-1
0;1;-1;217;173;173;1;-1;-1;-1
0;1;-1;551;354;354;48;-1;-1;-1
1;1;-1;557;230;230;50;-1;-1;-1
1;1;-1;454;310;310;2;-1;-1;-1
1;1;-1;592;66;66;2;-1;-1;-1
0;1;-1;93;80;80;3;-1;-1;-1
1;1;-1;75;66;66;1;-1;-1;-1
0;1;-1;4;4;4;2;-1;-1;-1
0;1;-1;288;209;209;8;-1;-1;-1
0;1;1869;17;19;19;3;-1;6666;-1
0;1;-1;161;45;45;2;-1;-1;-1
0;1;-1;271;138;138;27;-1;-1;-1
0;1;-1;1009;212;212;2;-1;-1;-1
0;1;-1;293;212;212;18;-1;-1;-1
0;1;-1;25;27;27;2;-1;-1;-1
1;1;-1;341;220;220;3;-1;-1;-1
0;1;-1;238;181;181;18;-1;-1;-1
0;1;-1;712;60;60;2;-1;-1;-1
0;1;-1;287;208;208;3;-1;-1;-1
0;1;-1;196;84;84;1;-1;-1;-1
1;1;-1;736;411;411;3;-1;-1;-1
0;1;-1;230;33;33;1;-1;-1;-1
0;1;-1;299;105;105;3;-1;-1;-1
0;1;-1;225;126;126;5;-1;-1;-1
0;1;-1;322;5;5;2;-1;-1;-1
0;1;-1;202;162;162;1;-1;-1;-1
0;1;-1;381;191;191;3;-1;-1;-1
1;1;-1;885;389;388;2;-1;-1;-1
0;1;-1;456;312;312;2;-1;-1;-1
0;1;-1;593;369;369;18;-1;-1;-1
0;1;-1;597;320;320;3;-1;-1;-1
0;1;-1;214;27;27;3;-1;-1;-1
0;1;-1;60;52;52;9;-1;-1;-1
0;1;-1;2;2;2;1;-1;-1;-1
1;1;-1;247;130;130;2;-1;-1;-1
1;1;-1;157;130;130;5;-1;-1;-1
0;1;-1;177;144;144;2;-1;-1;-1
0;1;-1;624;376;376;1;-1;-1;-1
0;1;-1;180;147;147;1;-1;-1;-1
0;1;-1;818;147;147;2;-1;-1;-1
0;1;916;148;124;124;3;-1;-1;-1
0;1;916;462;315;315;3;-1;-1;-1
0;1;916;167;137;137;25;-1;-1;-1
1;1;-1;344;237;237;37;-1;-1;-1
0;1;-1;134;112;112;20;-1;-1;-1
0;1;-1;447;305;305;1;-1;-1;-1
0;1;-1;679;24;24;2;-1;-1;-1
0;1;-1;316;95;95;1;-1;-1;-1
1;1;-1;206;166;166;3;-1;-1;-1
1;1;-1;435;297;297;43;-1;-1;-1
0;1;-1;543;349;349;23;-1;-1;-1
0;1;-1;265;197;197;13;-1;-1;-1
1;1;-1;158;85;85;3;-1;-1;-1
0;1;-1;641;197;197;2;-1;-1;-1
0;1;-1;178;145;145;3;-1;-1;-1
0;1;-1;562;223;223;2;-1;-1;-1
0;1;-1;734;120;120;2;-1;-1;-1
0;1;-1;263;196;196;1;-1;-1;-1
0;1;-1;170;139;139;1;-1;-1;-1
1;1;-1;271;138;138;27;-1;-1;-1
0;1;-1;682;373;373;1;-1;-1;-1
1;1;-1;353;244;244;2;-1;-1;-1
1;1;-1;748;416;416;2;-1;-1;-1
1;1;-1;337;233;233;2;-1;-1;-1
1;1;-1;79;70;70;1;-1;-1;-1
0;1;-1;53;47;47;2;-1;-1;-1
0;1;-1;365;124;124;6;-1;-1;-1
0;1;-1;95;82;82;2;-1;-1;-1
0;1;-1;516;82;82;3;-1;-1;-1
0;1;-1;63;55;55;1;-1;-1;-1
0;1;-1;872;45;45;2;-1;-1;-1
0;1;-1;87;76;76;1;-1;-1;-1
0;1;-1;671;76;76;2;-1;-1;-1
0;1;-1;94;81;81;1;-1;-1;-1
1;1;-1;105;89;89;3;-1;-1;-1
0;1;-1;66;58;58;5;-1;-1;-1
1;1;-1;112;97;97;3;-1;-1;-1
0;1;-1;85;74;74;13;-1;-1;-1
1;1;-1;19;21;21;2;-1;-1;-1
1;1;-1;28;30;30;3;-1;-1;-1
1;1;-1;91;78;78;1;-1;-1;-1
0;1;-1;128;110;110;20;-1;-1;-1
0;1;-1;526;343;343;5;-1;-1;-1
0;1;-1;789;184;184;2;-1;-1;-1
0;1;-1;803;63;63;2;-1;-1;-1
0;1;-1;204;164;164;1;-1;-1;-1
0;1;-1;507;40;40;2;-1;-1;-1
0;1;-1;679;394;394;1;-1;-1;-1
0;1;-1;70;61;61;1;-1;-1;-1
0;1;-1;736;411;411;3;-1;-1;-1
0;1;-1;549;177;177;2;-1;-1;-1
0;1;-1;595;312;312;23;-1;-1;-1
0;1;-1;853;369;369;23;-1;-1;-1
1;1;-1;359;181;181;3;-1;-1;-1
1;1;-1;383;263;263;2;-1;-1;-1
0;1;-1;64;56;56;5;-1;-1;-1
0;1;-1;319;225;225;3;-1;-1;-1
1;1;-1;53;47;47;2;-1;-1;-1
1;1;-1;62;54;54;5;-1;-1;-1
1;1;-1;639;382;382;2;-1;-1;-1
0;1;-1;237;66;66;3;-1;-1;-1
0;1;-1;515;116;116;6;-1;-1;-1
1;1;-1;822;448;448;2;-1;-1;-1
0;1;-1;144;90;90;3;-1;-1;-1
0;1;-1;106;90;90;2;-1;-1;-1
0;1;-1;469;317;317;3;-1;-1;-1
1;1;-1;411;283;283;2;-1;-1;-1
0;1;-1;212;170;170;5;-1;-1;-1
0;1;-1;229;1;1;6;-1;-1;-1
1;1;-1;194;158;158;1;-1;-1;-1
0;1;-1;112;97;97;3;-1;-1;-1
1;1;-1;506;332;332;1;-1;-1;-1
1;1;-1;242;2;2;3;-1;-1;-1
0;1;-1;762;25;25;2;-1;-1;-1
0;1;-1;23;25;25;6;-1;-1;-1
0;1;-1;655;24;24;2;-1;-1;-1
0;1;-1;338;234;234;8;-1;-1;-1
0;1;-1;252;24;24;6;-1;-1;-1
0;1;-1;59;51;51;2;-1;-1;-1
1;1;-1;346;239;239;2;-1;-1;-1
1;1;-1;87;76;76;1;-1;-1;-1
1;1;-1;317;224;224;3;-1;-1;-1
0;1;-1;468;28;28;1;-1;-1;-1
1;1;-1;265;197;197;13;-1;-1;-1
0;1;-1;73;64;64;1;-1;-1;-1
0;1;-1;152;64;64;2;-1;-1;-1
0;1;-1;107;91;91;16;-1;-1;-1
0;1;-1;301;215;215;3;-1;-1;-1
0;1;-1;191;154;154;1;-1;-1;-1
0;1;-1;671;5;5;2;-1;-1;-1
0;1;-1;54;40;40;2;-1;-1;-1
1;1;-1;305;217;217;2;-1;-1;-1
0;1;-1;998;5;5;2;-1;-1;-1
0;1;-1;1002;5;5;2;-1;-1;-1
0;1;-1;535;314;314;2;-1;-1;-1
0;1;-1;572;363;363;6;-1;-1;-1
0;1;-1;317;224;224;3;-1;-1;-1
0;1;-1;659;192;192;3;-1;-1;-1
0;1;-1;313;221;221;3;-1;-1;-1
1;1;-1;277;203;203;2;-1;-1;-1
0;1;-1;146;123;123;1;-1;-1;-1
1;1;-1;214;27;27;3;-1;-1;-1
0;1;-1;135;26;26;1;-1;-1;-1
1;1;-1;384;264;264;3;-1;-1;-1
0;1;-1;684;317;317;2;-1;-1;-1
1;1;-1;567;360;360;3;-1;-1;-1
0;1;-1;413;115;115;1;-1;-1;-1
0;1;-1;573;364;364;32;-1;-1;-1
1;1;-1;666;187;187;53;-1;-1;-1
0;1;-1;147;73;73;5;-1;-1;-1
0;1;-1;648;69;69;27;-1;-1;-1
0;1;-1;275;153;153;5;-1;-1;-1
1;1;-1;444;29;29;5;-1;-1;-1
0;1;-1;162;129;129;5;-1;-1;-1
0;1;-1;926;483;483;2;-1;-1;-1
0;1;-1;113;76;76;18;-1;-1;-1
0;1;-1;855;460;460;3;-1;-1;-1
0;1;-1;122;105;105;2;-1;-1;-1
1;1;-1;92;79;79;2;-1;-1;-1
1;1;-1;680;29;29;2;-1;-1;-1
1;1;-1;300;83;83;3;-1;-1;-1
0;1;-1;6;6;6;3;-1;-1;-1
0;1;-1;500;329;329;15;-1;-1;-1
0;1;-1;585;183;183;1;-1;-1;-1
0;1;-1;116;99;99;1;-1;-1;-1
0;1;-1;303;216;216;2;-1;-1;-1
0;1;-1;375;216;216;3;-1;-1;-1
0;1;-1;415;204;204;2;-1;-1;-1
0;1;-1;279;204;204;19;-1;-1;-1
0;1;-1;257;193;193;3;-1;-1;-1
1;1;-1;25;27;27;2;-1;-1;-1
0;1;-1;918;178;178;2;-1;-1;-1
0;1;-1;379;261;261;8;-1;-1;-1
0;1;-1;235;180;180;8;-1;-1;-1
0;1;-1;132;114;114;1;-1;-1;-1
0;1;-1;827;180;180;2;-1;-1;-1
0;1;-1;244;186;186;1;-1;-1;-1
0;1;-1;854;459;459;6;-1;-1;-1
1;1;-1;1;1;1;1;-1;-1;-1
0;1;-1;156;129;129;2;-1;-1;-1
0;1;-1;185;129;129;6;-1;-1;-1
0;1;-1;813;445;445;27;-1;-1;-1
1;1;-1;585;183;183;1;-1;-1;-1
0;1;-1;372;231;231;41;-1;-1;-1
0;1;-1;70;60;60;11;-1;-1;-1
0;1;-1;221;175;175;1;-1;-1;-1
0;1;-1;696;398;398;3;-1;-1;-1
0;1;-1;518;337;337;3;-1;-1;-1
0;1;-1;194;158;158;1;-1;-1;-1
1;1;-1;367;253;253;2;-1;-1;-1
0;1;-1;30;28;28;7;-1;-1;-1
0;1;-1;186;151;151;23;-1;-1;-1
0;1;-1;758;124;124;2;-1;-1;-1
0;1;-1;295;62;62;2;-1;-1;-1
0;1;-1;203;163;163;6;-1;-1;-1
0;1;-1;195;159;159;27;-1;-1;-1
0;1;-1;623;216;216;2;-1;-1;-1
0;1;-1;215;171;171;1;-1;-1;-1
0;1;-1;250;190;190;1;-1;-1;-1
0;1;-1;74;65;65;9;-1;-1;-1
0;1;-1;120;103;103;5;-1;-1;-1
0;1;-1;169;17;17;26;-1;-1;-1
0;1;-1;424;133;133;42;-1;-1;-1
0;1;-1;225;176;176;1;-1;-1;-1
0;1;-1;333;20;20;27;-1;-1;-1
0;1;-1;432;154;154;1;-1;-1;-1
1;1;-1;253;191;191;2;-1;-1;-1
0;1;-1;640;321;321;2;-1;-1;-1
0;1;-1;670;76;76;2;-1;-1;-1
0;1;-1;89;37;37;3;-1;-1;-1
0;1;-1;817;97;97;31;-1;-1;-1
0;1;-1;370;255;255;3;-1;-1;-1
0;1;-1;362;216;216;3;-1;-1;-1
0;1;-1;520;120;120;2;-1;-1;-1
0;1;-1;339;235;235;5;-1;-1;-1
0;1;-1;475;319;319;1;-1;-1;-1
0;1;-1;77;68;68;3;-1;-1;-1
1;1;-1;179;146;146;3;-1;-1;-1
1;1;-1;63;55;55;1;-1;-1;-1
0;1;-1;42;42;42;3;-1;-1;-1
0;1;1328;633;353;353;2;-1;6223;-1
0;1;1328;552;355;355;6;-1;6223;-1
0;1;1328;693;209;209;8;-1;6223;-1
0;1;-1;151;126;126;2;-1;-1;-1
0;1;-1;858;348;348;1;-1;-1;-1
0;1;-1;537;347;347;1;-1;-1;-1
0;1;-1;138;118;118;2;-1;-1;-1
1;1;-1;336;48;48;3;-1;-1;-1
1;1;-1;438;300;300;2;-1;-1;-1
1;1;-1;1000;435;435;2;-1;-1;-1
1;1;-1;511;335;335;2;-1;-1;-1
0;1;-1;11;12;12;2;-1;-1;-1
0;1;-1;124;107;107;2;-1;-1;-1
0;1;-1;595;359;359;6;-1;-1;-1
0;1;-1;548;310;310;5;-1;-1;-1
1;1;-1;706;199;199;1;-1;-1;-1
0;1;-1;627;139;139;2;-1;-1;-1
1;1;-1;388;267;267;13;-1;-1;-1
1;1;-1;389;268;268;2;-1;-1;-1
0;1;-1;586;183;183;1;-1;-1;-1
1;1;-1;385;265;265;2;-1;-1;-1
0;1;1185;1020;106;106;2;-1;6109;-1
0;1;1185;246;188;188;34;-1;6109;-1
0;1;1185;303;216;216;2;-1;6109;-1
0;1;-1;109;94;93;2;-1;-1;-1
0;1;-1;443;304;304;1;-1;-1;-1
0;1;-1;781;304;304;2;-1;-1;-1
0;1;-1;519;209;209;47;-1;-1;-1
0;1;-1;481;91;91;16;-1;-1;-1
0;1;-1;576;50;50;2;-1;-1;-1
0;1;-1;501;330;330;5;-1;-1;-1
1;1;-1;545;351;351;2;-1;-1;-1
0;1;-1;540;90;90;2;-1;-1;-1
1;1;-1;814;332;332;2;-1;-1;-1
0;1;-1;646;387;387;2;-1;-1;-1
1;1;-1;102;87;87;2;-1;-1;-1
0;1;-1;933;5;5;2;-1;-1;-1
1;1;-1;798;443;443;2;-1;-1;-1
0;1;-1;310;220;220;5;-1;-1;-1
0;1;-1;351;243;243;3;-1;-1;-1
0;1;-1;210;76;76;1;-1;-1;-1
0;1;-1;242;2;2;3;-1;-1;-1
1;1;-1;786;433;433;2;-1;-1;-1
0;1;-1;410;253;253;3;-1;-1;-1
0;1;-1;254;141;141;5;-1;-1;-1
0;1;-1;312;194;194;5;-1;-1;-1
0;1;-1;581;26;26;2;-1;-1;-1
0;1;-1;133;115;115;2;-1;-1;-1
0;1;-1;172;141;141;2;-1;-1;-1
1;1;-1;878;415;415;2;-1;-1;-1
0;1;-1;470;40;40;2;-1;-1;-1
0;1;-1;31;32;32;1;-1;-1;-1
0;1;-1;205;165;165;2;-1;-1;-1
0;1;-1;192;156;156;28;-1;-1;-1
1;1;-1;143;121;121;2;-1;-1;-1
0;1;-1;407;43;43;8;-1;-1;-1
0;1;-1;347;69;69;33;-1;-1;-1
0;1;-1;269;151;151;2;-1;-1;-1
0;1;-1;656;181;181;2;-1;-1;-1
0;1;-1;359;181;181;3;-1;-1;-1
1;1;-1;146;123;123;1;-1;-1;-1
0;1;-1;453;111;111;8;-1;-1;-1
1;1;-1;780;336;336;57;-1;-1;-1
1;1;-1;521;233;233;27;-1;-1;-1
1;1;-1;828;80;80;2;-1;-1;-1
0;1;-1;341;220;220;3;-1;-1;-1
0;1;-1;705;369;369;2;-1;-1;-1
1;1;-1;26;28;28;3;-1;-1;-1
0;1;-1;258;39;39;3;-1;-1;-1
0;1;-1;875;272;272;2;-1;-1;-1
1;1;-1;510;334;334;2;-1;-1;-1
0;1;-1;399;210;210;26;-1;-1;-1
0;1;-1;291;211;211;1;-1;-1;-1
1;1;-1;721;251;251;2;-1;-1;-1
0;1;-1;273;1;1;35;-1;-1;-1
0;1;-1;716;164;164;2;-1;-1;-1
0;1;-1;240;183;183;32;-1;-1;-1
1;1;-1;184;23;23;2;-1;-1;-1
0;1;-1;531;40;40;2;-1;-1;-1
0;1;-1;17;19;19;3;-1;-1;-1
0;1;-1;123;106;106;3;-1;-1;-1
0;1;-1;1040;10;10;2;-1;-1;-1
1;1;-1;410;253;253;3;-1;-1;-1
0;1;-1;318;99;99;2;-1;-1;-1
0;1;-1;292;160;160;1;-1;-1;-1
0;1;-1;91;78;78;1;-1;-1;-1
1;1;-1;108;92;92;17;-1;-1;-1
1;1;-1;369;254;254;17;-1;-1;-1
1;1;-1;930;263;263;17;-1;-1;-1
1;1;-1;767;342;342;17;-1;-1;-1
1;1;-1;553;356;356;49;-1;-1;-1
1;1;-1;561;92;92;2;-1;-1;-1
1;1;-1;364;233;233;40;-1;-1;-1
1;1;-1;555;358;358;49;-1;-1;-1
1;1;-1;974;491;491;49;-1;-1;-1
1;1;-1;409;282;282;2;-1;-1;-1
0;1;-1;246;188;188;34;-1;-1;-1
0;1;-1;477;40;40;2;-1;-1;-1
0;1;-1;335;48;48;3;-1;-1;-1
1;1;-1;530;335;335;2;-1;-1;-1
0;1;-1;633;353;353;2;-1;-1;-1
0;1;-1;550;353;353;8;-1;-1;-1
0;1;-1;22;24;24;1;-1;-1;-1
1;1;-1;547;92;92;39;-1;-1;-1
0;1;-1;384;264;264;3;-1;-1;-1
1;1;-1;529;285;285;2;-1;-1;-1
1;1;-1;231;23;23;5;-1;-1;-1
0;1;-1;400;210;210;26;-1;-1;-1
0;1;-1;339;234;234;8;-1;-1;-1
0;1;-1;189;153;153;25;-1;-1;-1
0;1;-1;28;30;30;3;-1;-1;-1
0;1;-1;200;161;161;3;-1;-1;-1
1;1;-1;164;135;134;2;-1;-1;-1
1;1;-1;104;51;51;3;-1;-1;-1
0;1;-1;769;67;67;2;-1;-1;-1
0;1;-1;334;120;120;1;-1;-1;-1
0;1;-1;687;19;19;2;-1;-1;-1
1;1;-1;173;111;111;3;-1;-1;-1
0;1;-1;564;120;120;1;-1;-1;-1
0;1;-1;76;67;67;1;-1;-1;-1
0;1;-1;142;120;120;1;-1;-1;-1
1;1;-1;12;14;13;2;-1;-1;-1
1;1;-1;132;114;114;1;-1;-1;-1
0;1;-1;506;332;332;1;-1;-1;-1
0;1;-1;345;238;238;3;-1;-1;-1
1;1;-1;423;291;291;1;-1;-1;-1
1;1;-1;230;33;33;1;-1;-1;-1
0;1;-1;227;75;75;13;-1;-1;-1
0;1;-1;1020;106;106;2;-1;-1;-1
1;1;-1;166;17;17;3;-1;-1;-1
1;1;-1;720;352;352;13;-1;-1;-1
0;1;-1;804;190;190;2;-1;-1;-1
0;1;-1;411;253;253;3;-1;-1;-1
0;1;-1;278;96;96;2;-1;-1;-1
0;1;-1;262;190;190;1;-1;-1;-1
0;1;-1;906;477;477;8;-1;-1;-1
0;1;-1;366;46;46;9;-1;-1;-1
1;1;-1;313;221;221;3;-1;-1;-1
0;1;-1;188;136;136;3;-1;-1;-1
0;1;-1;395;271;271;30;-1;-1;-1
0;1;-1;440;301;301;1;-1;-1;-1
1;1;-1;239;182;182;3;-1;-1;-1
1;1;-1;690;83;83;2;-1;-1;-1
1;1;-1;683;395;395;3;-1;-1;-1
0;1;-1;1021;501;501;13;-1;-1;-1
0;1;-1;208;168;168;27;-1;-1;-1
0;1;-1;824;40;40;2;-1;-1;-1
0;1;-1;594;359;359;6;-1;-1;-1
0;1;-1;478;40;40;2;-1;-1;-1
0;1;-1;810;81;81;2;-1;-1;-1
0;1;-1;638;81;81;16;-1;-1;-1
0;1;1674;1053;508;507;65;2;6501;-1
0;1;1674;1050;508;507;65;2;6501;-1
0;1;1674;1051;508;507;65;2;6501;-1
0;1;1674;1052;508;507;65;2;6501;-1
1;1;-1;16;18;18;3;-1;-1;-1
0;1;-1;936;293;293;2;-1;-1;-1
0;1;-1;16;18;18;3;-1;-1;-1
0;1;-1;378;260;260;3;-1;-1;-1
0;1;-1;571;362;362;3;-1;-1;-1
0;1;-1;158;85;85;3;-1;-1;-1
0;1;-1;131;113;113;1;-1;-1;-1
0;1;-1;173;111;111;3;-1;-1;-1
0;1;437;141;90;90;3;-1;-1;-1
0;1;437;144;90;90;3;-1;-1;-1
0;1;-1;905;477;477;8;-1;-1;-1
0;1;-1;667;220;220;2;-1;-1;-1
0;1;-1;539;347;347;1;-1;-1;-1
0;1;-1;446;305;305;1;-1;-1;-1
1;1;-1;975;491;491;49;-1;-1;-1
1;1;-1;974;491;491;2;-1;-1;-1
0;1;-1;1022;501;501;13;-1;-1;-1
0;1;-1;728;409;409;1;-1;-1;-1
0;1;-1;444;29;29;5;-1;-1;-1
1;1;-1;135;26;26;1;-1;-1;-1
1;1;-1;246;187;187;2;-1;-1;-1
0;1;-1;822;60;60;29;-1;-1;-1
0;1;-1;522;172;172;1;-1;-1;-1
0;1;-1;302;83;83;35;-1;-1;-1
0;1;-1;300;83;83;3;-1;-1;-1
0;1;-1;1012;291;291;2;-1;-1;-1
0;1;-1;96;83;83;2;-1;-1;-1
0;1;-1;669;140;140;3;-1;-1;-1
1;1;-1;89;37;37;3;-1;-1;-1
0;1;-1;846;458;458;1;-1;-1;-1
1;1;-1;1021;501;501;13;-1;-1;-1
0;1;-1;724;91;91;2;-1;-1;-1
0;1;-1;326;230;230;2;-1;-1;-1
0;1;-1;612;374;374;53;-1;-1;-1
1;1;-1;620;375;375;1;-1;-1;-1
0;1;-1;210;72;72;30;-1;-1;-1
0;1;-1;741;56;56;56;-1;-1;-1
1;1;-1;370;255;255;3;-1;-1;-1
0;1;-1;464;40;40;2;-1;-1;-1
0;1;-1;785;433;433;2;-1;-1;-1
0;1;-1;179;146;146;3;-1;-1;-1
0;1;2417;674;82;82;8;-1;7132;-1
0;1;2157;640;321;321;2;-1;6908;-1
1;1;-1;421;289;288;2;-1;-1;-1
1;1;-1;116;51;51;1;-1;-1;-1
1;1;-1;516;82;82;3;-1;-1;-1
0;1;-1;735;120;120;2;-1;-1;-1
0;1;-1;245;187;187;2;-1;-1;-1
0;1;-1;666;187;187;53;-1;-1;-1
0;1;-1;893;475;475;8;-1;-1;-1
0;1;-1;761;423;423;9;-1;-1;-1
0;1;-1;661;259;259;2;-1;-1;-1
0;1;-1;434;68;68;2;-1;-1;-1
0;1;-1;620;375;375;1;-1;-1;-1
0;1;-1;634;379;379;1;-1;-1;-1
0;1;-1;1;1;1;1;-1;-1;-1
0;1;-1;44;44;44;3;-1;-1;-1
1;1;-1;437;299;299;2;-1;-1;-1
0;1;-1;88;72;72;2;-1;-1;-1
1;1;-1;577;366;366;2;-1;-1;-1
0;1;-1;864;463;463;27;-1;-1;-1
0;1;-1;957;42;42;2;-1;-1;-1
0;1;-1;485;320;320;2;-1;-1;-1
0;1;-1;878;415;415;2;-1;-1;-1
0;1;-1;47;42;42;3;-1;-1;-1
0;1;-1;482;91;91;16;-1;-1;-1
0;1;-1;62;54;54;5;-1;-1;-1
0;1;-1;329;144;144;1;-1;-1;-1
1;1;-1;777;428;427;2;-1;-1;-1
0;1;-1;855;459;459;6;-1;-1;-1
1;1;-1;773;262;262;2;-1;-1;-1
1;1;-1;6;6;6;3;-1;-1;-1
0;1;-1;673;5;5;2;-1;-1;-1
0;1;-1;323;228;228;36;-1;-1;-1
1;1;-1;327;79;79;1;-1;-1;-1
1;1;-1;473;203;203;1;-1;-1;-1
1;1;-1;433;166;166;2;-1;-1;-1
0;1;-1;142;90;90;3;-1;-1;-1
0;1;895;375;216;216;3;-1;5886;-1
0;1;895;125;108;108;6;-1;5886;-1
0;1;895;284;205;205;19;-1;5886;-1
0;1;895;303;216;216;2;-1;5886;-1
1;1;1425;4;4;4;2;-1;6294;-1
0;1;-1;833;65;65;2;-1;-1;-1
0;1;-1;325;95;95;1;-1;-1;-1
1;1;-1;844;77;77;2;-1;-1;-1
0;1;-1;570;51;51;8;-1;-1;-1
0;1;-1;499;43;43;27;-1;-1;-1
0;1;-1;39;39;39;3;-1;-1;-1
0;1;-1;706;199;199;1;-1;-1;-1
0;1;-1;988;5;5;2;-1;-1;-1
1;1;-1;358;249;249;2;-1;-1;-1
0;1;218;171;139;139;1;-1;-1;-1
1;1;218;639;382;382;2;-1;-1;-1
0;1;-1;433;166;166;2;-1;-1;-1
0;1;2259;864;463;463;27;-1;6990;1594
0;1;-1;234;178;178;1;-1;-1;-1
0;1;-1;32;33;33;1;-1;-1;-1
0;1;-1;685;142;142;2;-1;-1;-1
1;1;-1;428;293;293;30;-1;-1;-1
1;1;-1;826;450;449;2;-1;-1;-1
1;1;-1;416;285;285;2;-1;-1;-1
0;1;-1;321;227;227;1;-1;-1;-1
0;1;-1;3;3;3;2;-1;-1;-1
1;1;-1;765;217;40;2;-1;-1;-1
0;1;-1;289;210;210;2;-1;-1;-1
0;1;-1;677;393;93;2;-1;-1;-1
1;1;-1;766;281;281;2;-1;-1;-1
0;1;-1;662;127;127;2;-1;-1;-1
1;1;-1;725;407;407;1;-1;-1;-1
0;1;-1;1053;508;507;66;-1;-1;-1
0;1;-1;1052;508;507;66;-1;-1;-1
0;1;-1;1051;508;507;66;-1;-1;-1
0;1;-1;1054;508;507;66;-1;-1;-1
0;1;-1;19;21;21;2;-1;-1;-1
0;1;-1;160;132;132;3;-1;-1;-1
1;1;-1;348;240;240;2;-1;-1;-1
0;1;-1;391;269;269;1;-1;-1;-1
0;1;-1;749;198;198;1;-1;-1;-1
0;1;-1;504;227;227;3;-1;-1;-1
0;1;-1;821;60;60;29;-1;-1;-1
0;1;-1;297;214;214;31;-1;-1;-1
0;1;-1;145;122;122;22;-1;-1;-1
0;1;-1;320;226;226;1;-1;-1;-1
0;1;-1;27;29;29;2;-1;-1;-1
0;1;-1;604;373;373;32;-1;-1;-1
1;1;-1;54;47;47;2;-1;-1;-1
0;1;-1;458;28;28;1;-1;-1;-1
1;1;-1;354;245;245;38;-1;-1;-1
1;1;-1;805;435;435;2;-1;-1;-1
1;1;-1;699;401;401;2;-1;-1;-1
0;1;2197;727;408;408;1;-1;6940;-1
0;1;2197;117;100;100;1;-1;6940;-1
0;1;-1;137;117;117;5;-1;-1;-1
0;1;-1;514;157;157;2;-1;-1;-1
0;1;-1;193;157;157;1;-1;-1;-1
0;1;-1;300;105;105;3;-1;-1;-1
1;1;-1;881;34;34;2;-1;-1;-1
0;1;-1;663;225;225;2;-1;-1;-1
0;1;-1;753;6;6;31;-1;-1;-1
1;1;-1;977;301;301;2;-1;-1;-1
0;1;-1;613;374;374;54;-1;-1;-1
1;1;-1;306;78;78;2;-1;-1;-1
1;1;-1;302;83;83;35;-1;-1;-1
0;1;-1;828;80;80;2;-1;-1;-1
0;1;-1;46;45;45;1;-1;-1;-1
0;1;-1;944;186;186;1;-1;-1;-1
0;1;-1;136;116;116;2;-1;-1;-1
0;1;-1;374;257;257;10;-1;-1;-1
0;1;-1;304;118;118;3;-1;-1;-1
1;1;-1;579;355;355;2;-1;-1;-1
0;1;-1;234;179;179;1;-1;-1;-1
0;1;-1;57;49;49;9;-1;-1;-1
0;1;-1;8;9;9;3;-1;-1;-1
0;1;-1;680;29;29;2;-1;-1;-1
0;1;-1;244;185;185;34;-1;-1;-1
0;1;-1;176;89;89;3;-1;-1;-1
1;1;-1;94;81;81;1;-1;-1;-1
0;1;-1;327;79;79;1;-1;-1;-1
0;1;-1;690;83;83;2;-1;-1;-1
0;1;-1;167;17;17;3;-1;-1;-1
1;1;-1;8;9;9;3;-1;-1;-1
0;1;-1;375;257;257;10;-1;-1;-1
0;1;-1;83;72;72;7;-1;-1;-1
1;1;-1;200;161;161;3;-1;-1;-1
0;1;-1;459;313;313;5;-1;-1;-1
0;1;-1;286;206;206;2;-1;-1;-1
0;1;-1;149;123;123;23;-1;-1;-1
0;1;-1;836;199;199;1;-1;-1;-1
0;1;-1;557;230;230;50;-1;-1;-1
1;1;-1;397;273;273;2;-1;-1;-1
0;1;-1;308;219;219;3;-1;-1;-1
0;1;-1;746;415;415;3;-1;-1;-1
0;1;1617;315;223;223;5;-1;6454;-1
0;1;-1;697;398;398;3;-1;-1;-1
0;1;-1;632;378;377;2;-1;-1;-1
1;1;-1;1053;508;507;65;-1;-1;-1
1;1;-1;1050;508;507;65;-1;-1;-1
0;1;-1;662;259;259;2;-1;-1;-1
0;1;-1;171;140;140;27;-1;-1;-1
0;1;-1;259;193;193;1;-1;-1;-1
1;1;-1;477;40;40;2;-1;-1;-1
1;1;-1;1024;5;5;2;-1;-1;-1
0;1;-1;357;248;248;3;-1;-1;-1
0;1;-1;165;136;136;25;-1;-1;-1
0;1;-1;167;137;137;25;-1;-1;-1
1;1;-1;375;216;216;3;-1;-1;-1
0;1;24;574;365;365;27;-1;5194;-1
1;1;24;4;4;4;2;-1;5194;-1
0;1;-1;635;380;380;8;-1;-1;-1
1;1;-1;107;91;91;16;-1;-1;-1
1;1;-1;724;91;91;2;-1;-1;-1
1;1;-1;957;265;265;38;-1;-1;-1
0;1;-1;418;287;287;7;-1;-1;-1
0;1;1902;736;411;411;3;-1;6695;-1
1;1;1902;872;45;45;2;-1;6695;-1
1;1;1902;645;386;13;2;-1;6695;-1
0;1;1902;225;126;126;5;-1;6695;-1
0;1;1902;122;105;105;2;-1;6695;-1
0;1;1902;328;231;231;3;-1;6695;-1
0;1;-1;197;84;84;1;-1;-1;-1
0;1;-1;567;360;360;3;-1;-1;-1
0;1;-1;105;89;89;3;-1;-1;-1
0;1;-1;793;438;438;1;-1;-1;-1
0;1;-1;247;130;130;2;-1;-1;-1
0;1;-1;157;130;130;5;-1;-1;-1
0;1;-1;406;57;57;5;-1;-1;-1
0;1;-1;84;73;73;2;-1;-1;-1
0;1;-1;91;77;77;15;-1;-1;-1
0;1;-1;188;152;152;1;-1;-1;-1
0;1;-1;344;112;112;5;-1;-1;-1
1;1;-1;356;247;247;2;-1;-1;-1
0;1;-1;586;40;40;2;-1;-1;-1
0;1;-1;797;91;91;2;-1;-1;-1
1;1;-1;386;266;266;2;-1;-1;-1
1;1;-1;941;486;486;2;-1;-1;-1
0;1;-1;467;40;40;2;-1;-1;-1
0;1;1548;125;108;108;6;-1;6390;-1
1;1;1548;639;382;382;2;-1;6390;-1
0;1;216;688;129;129;2;-1;5346;-1
0;1;216;241;184;184;5;-1;5346;-1
1;1;-1;181;148;148;3;-1;-1;-1
0;1;-1;400;43;43;1;-1;-1;-1
0;1;-1;61;53;53;6;-1;-1;-1
1;1;-1;422;290;290;2;-1;-1;-1
0;1;-1;331;193;193;2;-1;-1;-1
0;1;-1;18;20;20;2;-1;-1;-1
1;1;-1;659;192;192;3;-1;-1;-1
0;1;-1;174;142;142;1;-1;-1;-1
0;1;-1;902;328;328;1;-1;-1;-1
1;1;-1;257;193;193;3;-1;-1;-1
0;1;-1;44;43;43;2;-1;-1;-1
0;1;-1;215;27;27;3;-1;-1;-1
0;1;-1;629;28;28;1;-1;-1;-1
0;1;2019;241;184;184;5;-1;-1;-1
0;1;-1;198;147;147;1;-1;-1;-1
0;1;-1;990;48;48;2;-1;-1;-1
1;1;-1;578;367;367;38;-1;-1;-1
1;1;-1;808;241;241;38;-1;-1;-1
0;1;-1;190;154;154;1;-1;-1;-1
0;1;-1;99;70;70;7;-1;-1;-1
0;1;-1;485;40;40;2;-1;-1;-1
1;1;-1;301;215;215;3;-1;-1;-1
0;1;-1;253;191;191;2;-1;-1;-1
1;1;-1;177;144;144;2;-1;-1;-1
1;1;-1;174;142;142;1;-1;-1;-1
0;1;-1;423;291;291;1;-1;-1;-1
0;1;-1;49;44;44;3;-1;-1;-1
0;1;-1;950;66;66;2;-1;-1;-1
0;1;-1;465;40;40;2;-1;-1;-1
1;1;-1;568;361;361;13;-1;-1;-1
1;1;-1;131;113;113;1;-1;-1;-1
0;1;-1;460;313;313;5;-1;-1;-1
0;1;-1;100;86;86;3;-1;-1;-1
1;1;-1;885;401;401;2;-1;-1;-1
1;1;-1;546;352;352;13;-1;-1;-1
1;1;-1;466;316;316;2;-1;-1;-1
1;1;-1;888;473;473;39;-1;-1;-1
1;1;-1;355;246;246;39;-1;-1;-1
1;1;-1;160;132;132;3;-1;-1;-1
0;1;-1;332;232;232;31;-1;-1;-1
1;1;-1;70;61;61;1;-1;-1;-1
1;1;-1;887;472;472;2;-1;-1;-1
1;1;-1;474;203;203;1;-1;-1;-1
1;1;-1;436;298;298;2;-1;-1;-1
1;1;-1;889;464;464;13;-1;-1;-1
1;1;-1;21;23;23;2;-1;-1;-1
1;1;-1;185;23;23;2;-1;-1;-1
0;1;-1;232;177;177;1;-1;-1;-1
1;1;-1;387;249;249;2;-1;-1;-1
0;1;-1;154;72;72;1;-1;-1;-1
0;1;-1;93;79;79;2;-1;-1;-1
0;1;2104;239;182;182;3;-1;6862;-1
1;1;1296;118;101;101;2;-1;-1;-1
1;1;-1;696;398;398;3;-1;-1;-1
0;1;-1;163;129;129;5;-1;-1;-1
1;1;-1;524;341;340;35;-1;-1;-1
0;1;-1;916;192;192;1;-1;-1;-1
0;1;-1;714;120;120;1;-1;-1;-1
0;1;-1;309;120;120;1;-1;-1;-1
1;1;-1;668;220;220;2;-1;-1;-1
0;1;-1;343;112;112;5;-1;-1;-1
0;1;-1;251;81;81;1;-1;-1;-1
0;1;-1;67;59;59;1;-1;-1;-1
0;1;-1;925;81;81;2;-1;-1;-1
1;1;-1;34;34;34;1;-1;-1;-1
1;1;-1;258;39;39;3;-1;-1;-1
0;1;-1;1018;211;211;1;-1;-1;-1
1;1;-1;188;136;136;3;-1;-1;-1
0;1;-1;277;203;203;2;-1;-1;-1
0;1;-1;166;17;17;3;-1;-1;-1
0;1;-1;311;176;176;2;-1;-1;-1
0;1;-1;286;207;207;1;-1;-1;-1
1;1;-1;1039;360;360;2;-1;-1;-1
1;1;-1;274;202;202;3;-1;-1;-1
0;1;80;571;362;362;3;-1;5241;-1
0;1;-1;161;132;132;3;-1;-1;-1
0;1;-1;754;418;418;32;-1;-1;-1
1;1;-1;27;29;29;2;-1;-1;-1
1;1;-1;440;301;301;1;-1;-1;-1
0;1;-1;95;81;81;1;-1;-1;-1
0;1;-1;201;45;45;18;-1;-1;-1
0;1;-1;904;51;51;2;-1;-1;-1
0;1;-1;498;40;40;2;-1;-1;-1
0;1;-1;1024;5;5;2;-1;-1;-1
0;1;-1;544;349;349;23;-1;-1;-1
1;1;-1;636;310;310;2;-1;-1;-1
0;1;-1;241;184;184;5;-1;-1;-1
0;1;-1;233;177;177;1;-1;-1;-1
0;1;1867;278;96;96;2;-1;6664;-1
0;1;-1;290;210;210;2;-1;-1;-1
1;1;-1;451;263;263;2;-1;-1;-1
1;1;-1;625;6;6;2;-1;-1;-1
0;1;-1;847;328;328;1;-1;-1;-1
0;1;-1;848;318;318;1;-1;-1;-1
0;1;-1;473;203;203;1;-1;-1;-1
0;1;-1;86;74;74;14;-1;-1;-1
1;1;-1;517;249;249;17;-1;-1;-1
1;1;-1;518;337;337;3;-1;-1;-1
1;1;-1;268;199;199;2;-1;-1;-1
0;1;-1;267;198;198;2;-1;-1;-1
0;1;-1;831;397;397;2;-1;-1;-1
1;1;-1;1008;498;498;38;-1;-1;-1
0;1;-1;139;38;38;1;-1;-1;-1
1;1;-1;90;77;77;14;-1;-1;-1
1;1;-1;866;464;464;13;-1;-1;-1
1;1;-1;633;378;377;2;-1;-1;-1
0;1;349;136;116;116;2;-1;-1;-1
0;1;349;295;62;62;2;-1;-1;-1
0;1;349;126;3;3;9;-1;-1;-1
0;1;349;235;180;180;8;-1;-1;-1
1;1;-1;66;58;58;5;-1;-1;-1
0;1;-1;426;72;72;2;-1;-1;-1
0;1;-1;751;232;232;7;-1;-1;-1
0;1;-1;750;198;198;1;-1;-1;-1
0;1;-1;941;11;11;27;-1;-1;-1
0;1;-1;940;11;11;27;-1;-1;-1
1;1;-1;782;135;134;2;-1;-1;-1
0;1;-1;168;138;138;5;-1;-1;-1
1;1;-1;362;216;216;3;-1;-1;-1
1;1;-1;1016;500;430;2;-1;-1;-1
0;1;-1;236;180;180;8;-1;-1;-1
1;1;855;405;280;280;2;-1;5851;-1
1;1;855;530;335;335;2;-1;5851;-1
1;1;855;795;441;441;2;-1;5851;-1
0;1;-1;660;125;125;2;-1;-1;-1
0;1;-1;542;348;348;2;-1;-1;-1
1;1;-1;730;410;410;2;-1;-1;-1
1;1;-1;745;290;290;2;-1;-1;-1
1;1;-1;900;298;298;2;-1;-1;-1
1;1;-1;398;274;274;2;-1;-1;-1
1;1;-1;417;286;286;2;-1;-1;-1
1;1;-1;652;86;86;2;-1;-1;-1
0;1;-1;762;423;423;9;-1;-1;-1
1;1;-1;100;86;86;3;-1;-1;-1
0;1;-1;342;220;220;3;-1;-1;-1
0;1;-1;428;293;293;30;-1;-1;-1
1;1;579;124;107;107;2;-1;5638;-1
0;1;-1;176;143;143;1;-1;-1;-1
0;1;-1;426;1;1;1;-1;-1;-1
0;1;-1;979;150;150;1;-1;-1;-1
0;1;78;73;64;64;1;-1;5239;-1
0;1;-1;928;483;483;1;-1;-1;-1
1;1;-1;842;410;410;38;-1;-1;-1
0;1;1310;727;408;408;1;-1;-1;-1
0;1;-1;686;157;157;2;-1;-1;-1
1;1;-1;794;440;439;58;-1;-1;-1
0;1;-1;817;355;355;2;-1;-1;-1
1;1;-1;137;117;117;5;-1;-1;-1
0;1;-1;1004;89;89;2;-1;-1;-1
1;1;-1;784;432;431;2;-1;-1;-1
0;1;-1;711;81;81;13;-1;-1;-1
1;1;-1;345;238;238;3;-1;-1;-1
0;1;-1;729;409;409;1;-1;-1;-1
1;1;-1;844;457;457;2;-1;-1;-1
0;1;-1;243;2;2;3;-1;-1;-1
0;1;-1;471;318;318;18;-1;-1;-1
0;1;-1;688;129;129;2;-1;-1;-1
1;1;-1;308;219;219;3;-1;-1;-1
0;1;-1;284;122;122;2;-1;-1;-1
0;1;-1;262;195;195;1;-1;-1;-1
0;1;-1;722;406;406;1;-1;-1;-1
1;1;-1;351;243;243;3;-1;-1;-1
1;1;2246;451;263;263;2;-1;-1;-1
1;1;-1;13;15;15;1;-1;-1;-1
0;1;-1;129;110;110;21;-1;-1;-1
0;1;-1;719;405;405;1;-1;-1;-1
1;1;-1;972;411;411;2;-1;-1;-1
0;1;-1;1032;11;11;1;-1;-1;-1
0;1;-1;211;169;169;6;-1;-1;-1
0;1;-1;193;156;156;29;-1;-1;-1
0;1;-1;798;91;91;2;-1;-1;-1
0;1;-1;340;235;235;5;-1;-1;-1
0;1;-1;1046;235;235;2;-1;-1;-1
0;1;-1;749;201;201;2;-1;-1;-1
0;1;-1;748;201;201;2;-1;-1;-1
0;1;-1;607;364;364;2;-1;-1;-1
0;1;-1;667;187;187;53;-1;-1;-1
0;1;-1;219;31;31;23;-1;-1;-1
0;1;-1;955;260;260;2;-1;-1;-1
0;1;-1;260;194;194;2;-1;-1;-1
0;1;-1;101;75;75;15;-1;-1;-1
0;1;-1;459;28;28;1;-1;-1;-1
0;1;-1;937;165;165;28;-1;-1;-1
1;1;1700;4;4;4;2;-1;6522;2103
1;1;1700;124;107;107;2;-1;6522;2103
0;1;-1;709;320;320;2;-1;-1;-1
0;1;-1;920;181;181;2;-1;-1;-1
1;1;-1;22;24;24;1;-1;-1;-1
0;1;221;218;43;43;31;-1;-1;-1
0;1;-1;552;355;355;6;-1;-1;-1
0;1;-1;295;56;56;2;-1;-1;-1
0;1;-1;654;73;73;2;-1;-1;-1
0;1;-1;243;185;185;33;-1;-1;-1
1;1;-1;234;179;179;1;-1;-1;-1
0;1;-1;607;128;128;2;-1;-1;-1
0;1;-1;763;25;25;2;-1;-1;-1
0;1;-1;53;16;16;9;-1;-1;-1
1;1;-1;381;191;191;3;-1;-1;-1
0;1;-1;760;253;253;5;-1;-1;-1
0;1;-1;455;311;311;1;-1;-1;-1
1;1;-1;525;342;342;39;-1;-1;-1
0;1;-1;575;178;178;6;-1;-1;-1
0;1;-1;26;28;28;3;-1;-1;-1
0;1;-1;668;129;129;1;-1;-1;-1
1;1;-1;781;336;336;58;-1;-1;-1
0;1;-1;37;37;37;3;-1;-1;-1
0;1;-1;923;481;481;1;-1;-1;-1
0;1;-1;723;406;406;1;-1;-1;-1
0;1;-1;741;82;82;1;-1;-1;-1
0;1;-1;476;17;17;1;-1;-1;-1
1;1;-1;800;400;400;38;-1;-1;-1
0;1;-1;754;6;6;31;-1;-1;-1
0;1;-1;747;415;415;3;-1;-1;-1
1;1;-1;806;8;7;2;-1;-1;-1
0;1;-1;751;417;417;6;-1;-1;-1
0;1;-1;137;116;116;2;-1;-1;-1
0;1;1508;156;129;129;2;-1;6358;-1
0;1;1508;185;129;129;6;-1;6358;-1
1;1;1531;231;23;23;5;-1;-1;-1
0;1;-1;692;397;397;1;-1;-1;-1
0;1;-1;442;303;303;27;-1;-1;-1
1;1;-1;132;113;113;1;-1;-1;-1
1;1;-1;641;197;197;2;-1;-1;-1
0;1;-1;930;484;484;1;-1;-1;-1
0;1;-1;276;153;153;5;-1;-1;-1
0;1;-1;753;355;355;30;-1;-1;-1
0;1;-1;981;355;355;30;-1;-1;-1
1;1;-1;908;478;478;2;-1;-1;-1
1;1;-1;404;279;279;2;-1;-1;-1
0;1;-1;977;75;75;2;-1;-1;-1
1;1;-1;786;256;256;2;-1;-1;-1
0;1;-1;481;155;155;1;-1;-1;-1
1;1;-1;801;298;298;2;-1;-1;-1
0;1;-1;948;75;75;5;-1;-1;-1
0;1;-1;574;365;365;27;-1;-1;-1
1;1;-1;657;181;181;2;-1;-1;-1
1;1;-1;649;389;388;2;-1;-1;-1
0;1;-1;610;243;243;2;-1;-1;-1
1;1;-1;699;400;400;49;-1;-1;-1
0;1;-1;452;111;111;8;-1;-1;-1
0;1;-1;287;207;207;1;-1;-1;-1
1;1;-1;115;51;51;1;-1;-1;-1
1;1;-1;357;248;248;3;-1;-1;-1
1;1;-1;714;14;403;2;-1;-1;-1
0;1;-1;350;242;242;3;-1;-1;-1
0;1;-1;638;381;381;2;-1;-1;-1
0;1;417;73;64;64;1;-1;-1;-1
0;1;-1;454;310;310;2;-1;-1;-1
0;1;-1;942;5;5;2;-1;-1;-1
0;1;-1;14;16;16;1;-1;-1;-1
0;1;-1;34;34;34;1;-1;-1;-1
0;1;-1;661;125;125;2;-1;-1;-1
0;1;-1;559;359;359;2;-1;-1;-1
1;1;-1;778;251;429;2;-1;-1;-1
1;1;-1;133;114;114;1;-1;-1;-1
0;1;-1;976;75;75;2;-1;-1;-1
0;1;-1;947;75;75;5;-1;-1;-1
0;1;-1;455;310;310;2;-1;-1;-1
0;1;-1;952;170;170;2;-1;-1;-1
0;1;-1;47;45;45;1;-1;-1;-1
0;1;-1;64;55;55;1;-1;-1;-1
0;1;-1;27;28;28;3;-1;-1;-1
1;1;-1;35;34;34;1;-1;-1;-1
0;1;-1;35;35;35;1;-1;-1;-1
1;1;-1;1048;44;44;2;-1;-1;-1
1;1;-1;44;44;44;3;-1;-1;-1
1;1;-1;785;433;433;2;-1;-1;-1
0;1;-1;715;120;120;2;-1;-1;-1
1;1;2453;4;4;4;2;-1;-1;-1
0;1;943;225;126;126;5;-1;-1;-1
0;1;-1;834;65;65;2;-1;-1;-1
1;1;1294;589;224;224;2;-1;-1;-1
1;1;-1;888;464;464;13;-1;-1;-1
1;1;-1;830;452;452;57;-1;-1;-1
0;1;-1;472;40;40;2;-1;-1;-1
0;1;-1;719;404;404;1;-1;-1;-1
0;1;-1;1036;129;129;2;-1;-1;-1
0;1;-1;532;184;184;2;-1;-1;-1
0;1;-1;744;24;24;7;-1;-1;-1
0;1;-1;528;198;198;1;-1;-1;-1
1;1;-1;713;14;403;2;-1;-1;-1
1;1;-1;765;281;281;2;-1;-1;-1
0;1;-1;306;78;78;2;-1;-1;-1
1;1;-1;799;400;400;38;-1;-1;-1
1;1;-1;766;424;424;38;-1;-1;-1
0;1;-1;65;57;57;2;-1;-1;-1
1;1;-1;627;114;114;2;-1;-1;-1
0;1;-1;583;178;178;1;-1;-1;-1
0;1;-1;582;61;61;1;-1;-1;-1
1;1;-1;393;270;270;17;-1;-1;-1
1;1;-1;441;301;301;1;-1;-1;-1
0;1;-1;1006;364;364;2;-1;-1;-1
0;1;-1;134;115;115;2;-1;-1;-1
0;1;-1;581;368;368;2;-1;-1;-1
0;1;-1;601;312;312;51;-1;-1;-1
0;1;718;144;90;90;3;-1;5743;-1
0;1;-1;191;155;155;3;-1;-1;-1
0;1;-1;326;95;95;1;-1;-1;-1
0;1;-1;985;496;496;27;-1;-1;-1
0;1;-1;237;78;78;27;-1;-1;-1
0;1;-1;119;102;102;18;-1;-1;-1
0;1;-1;948;72;72;2;-1;-1;-1
0;1;-1;239;182;182;3;-1;-1;-1
0;1;-1;737;75;75;1;-1;-1;-1
0;1;-1;910;446;446;1;-1;-1;-1
0;1;-1;924;81;81;2;-1;-1;-1
0;1;-1;933;12;12;1;-1;-1;-1
1;1;-1;522;172;172;1;-1;-1;-1
1;1;-1;349;241;241;2;-1;-1;-1
0;1;-1;757;325;325;1;-1;-1;-1
1;1;-1;373;241;241;17;-1;-1;-1
1;1;-1;868;239;239;2;-1;-1;-1
1;1;-1;792;437;437;2;-1;-1;-1
1;1;-1;368;254;254;2;-1;-1;-1
0;1;-1;819;446;446;1;-1;-1;-1
0;1;2271;2;2;2;1;-1;7002;553
0;1;893;624;376;376;1;-1;5885;-1
1;1;1214;522;172;172;1;-1;6134;-1
1;1;-1;907;476;476;38;-1;-1;-1
1;1;-1;509;333;333;38;-1;-1;-1
1;1;-1;807;241;241;38;-1;-1;-1
1;1;-1;899;476;476;38;-1;-1;-1
0;1;-1;280;148;148;3;-1;-1;-1
0;1;-1;755;419;419;1;-1;-1;-1
0;1;-1;477;17;17;1;-1;-1;-1
0;1;-1;363;252;252;2;-1;-1;-1
1;1;-1;342;236;236;2;-1;-1;-1
1;1;-1;698;400;400;49;-1;-1;-1
0;1;-1;643;157;157;53;-1;-1;-1
1;1;-1;536;346;346;1;-1;-1;-1
1;1;-1;656;181;181;2;-1;-1;-1
0;1;575;132;114;114;1;-1;5634;-1
1;1;575;257;193;193;3;-1;5634;-1
1;1;575;131;113;113;1;-1;5634;-1
0;1;575;99;70;70;7;-1;5634;-1
0;1;575;634;379;379;1;-1;5634;-1
0;1;575;202;162;162;1;-1;5634;-1
0;1;-1;589;224;224;2;-1;-1;-1
1;1;1846;530;335;335;2;-1;6648;-1
1;1;1846;387;249;249;2;-1;6648;-1
0;1;1846;595;312;312;23;-1;6648;-1
1;1;-1;565;263;263;39;-1;-1;-1
0;1;-1;216;171;171;1;-1;-1;-1
0;1;-1;738;75;75;1;-1;-1;-1
0;1;-1;960;26;26;1;-1;-1;-1
0;1;2005;73;64;64;1;-1;6774;-1
1;1;2005;506;332;332;1;-1;6774;-1
1;1;2005;872;45;45;2;-1;6774;-1
1;1;-1;363;252;252;2;-1;-1;-1
1;1;-1;361;251;251;2;-1;-1;-1
0;1;-1;155;72;72;1;-1;-1;-1
0;1;-1;1025;5;5;2;-1;-1;-1
1;1;-1;420;189;189;35;-1;-1;-1
0;1;-1;160;131;131;25;-1;-1;-1
1;1;-1;17;19;19;3;-1;-1;-1
1;1;-1;370;254;254;17;-1;-1;-1
0;1;2072;225;126;126;5;-1;6832;-1
0;1;2072;151;126;126;2;-1;6832;-1
0;1;2072;357;248;248;3;-1;6832;-1
0;1;2072;733;231;231;2;-1;6832;-1
0;1;2072;254;141;141;5;-1;6832;-1
0;1;2072;623;216;216;2;-1;6832;-1
0;1;2072;685;142;142;2;-1;6832;-1
0;1;2072;172;141;141;2;-1;6832;-1
0;1;2072;462;315;315;3;-1;6832;-1
0;1;2072;362;216;216;3;-1;6832;-1
0;1;2072;375;216;216;3;-1;6832;-1
0;1;-1;408;43;43;8;-1;-1;-1
0;1;-1;545;350;350;22;-1;-1;-1
0;1;-1;268;200;200;30;-1;-1;-1
0;1;-1;903;328;328;1;-1;-1;-1
1;1;-1;273;1;1;35;-1;-1;-1
0;1;-1;866;186;186;2;-1;-1;-1
0;1;-1;216;172;172;13;-1;-1;-1
0;1;-1;1050;306;306;1;-1;-1;-1
0;1;-1;951;66;66;2;-1;-1;-1
1;1;-1;394;218;218;2;-1;-1;-1
1;1;-1;278;203;203;2;-1;-1;-1
0;1;-1;739;202;202;5;-1;-1;-1
0;1;661;241;184;184;5;-1;5701;-1
0;1;-1;616;18;18;2;-1;-1;-1
0;1;-1;261;194;194;2;-1;-1;-1
0;1;-1;99;85;85;2;-1;-1;-1
0;1;-1;624;216;216;2;-1;-1;-1
1;1;-1;256;58;58;2;-1;-1;-1
0;1;-1;691;396;396;1;-1;-1;-1
1;1;1415;639;382;382;2;-1;6285;-1
1;1;-1;946;94;93;2;-1;-1;-1
0;1;663;216;172;172;13;-1;-1;-1
1;1;-1;439;92;92;2;-1;-1;-1
1;1;2194;350;242;242;3;-1;6937;-1
1;1;-1;303;216;216;2;-1;-1;-1
1;1;-1;405;280;280;2;-1;-1;-1
0;1;-1;5;5;5;2;-1;-1;-1
0;1;-1;619;211;211;2;-1;-1;-1
1;1;-1;382;262;262;2;-1;-1;-1
0;1;-1;145;90;90;3;-1;-1;-1
0;1;-1;291;12;12;1;-1;-1;-1
0;1;-1;281;148;148;3;-1;-1;-1
0;1;1501;624;376;376;1;-1;6352;-1
1;1;-1;776;426;426;38;-1;-1;-1
1;1;-1;1012;291;291;2;-1;-1;-1
0;1;-1;763;40;40;2;-1;-1;-1
0;1;-1;507;332;332;1;-1;-1;-1
0;1;-1;885;389;388;2;-1;-1;-1
0;1;-1;759;253;253;5;-1;-1;-1
0;1;-1;1017;211;211;1;-1;-1;-1
1;1;-1;681;29;29;2;-1;-1;-1
1;1;-1;772;425;425;38;-1;-1;-1
0;1;-1;265;17;17;2;-1;-1;-1
0;1;-1;536;346;346;1;-1;-1;-1
1;1;1449;690;83;83;2;-1;6310;-1
1;1;-1;402;277;276;2;-1;-1;-1
1;1;-1;453;309;308;44;-1;-1;-1
0;1;-1;997;5;5;2;-1;-1;-1
0;1;-1;1019;490;490;1;-1;-1;-1
1;1;-1;6;5;5;2;-1;-1;-1
0;1;1384;178;145;145;3;-1;6267;-1
0;1;-1;496;328;328;1;-1;-1;-1
0;1;-1;483;203;203;1;-1;-1;-1
1;1;-1;783;14;430;2;-1;-1;-1
0;1;-1;756;325;325;1;-1;-1;-1
0;1;729;118;101;101;2;-1;5753;-1
0;1;-1;856;460;460;3;-1;-1;-1
0;1;-1;850;222;222;50;-1;-1;-1
1;1;486;4;4;4;2;-1;5558;-1
0;1;-1;233;178;178;1;-1;-1;-1
0;1;-1;988;209;209;18;-1;-1;-1
0;1;-1;226;148;148;18;-1;-1;-1
1;1;-1;1051;508;507;65;-1;-1;-1
0;1;-1;617;349;349;2;-1;-1;-1
1;1;-1;49;44;44;3;-1;-1;-1
0;1;-1;425;72;72;2;-1;-1;-1
1;1;-1;727;245;245;17;-1;-1;-1
0;1;2408;117;100;100;1;-1;7125;-1
0;1;2408;727;408;408;1;-1;7125;-1
1;1;-1;978;494;493;2;-1;-1;-1
0;1;-1;598;320;320;3;-1;-1;-1
1;1;-1;199;123;123;2;-1;-1;-1
0;1;-1;852;264;264;2;-1;-1;-1
0;1;-1;69;60;60;10;-1;-1;-1
0;1;-1;941;486;486;2;-1;-1;-1
0;1;-1;199;147;147;1;-1;-1;-1
0;1;-1;622;232;232;55;-1;-1;-1
0;1;-1;71;62;62;6;-1;-1;-1
0;1;-1;136;26;26;1;-1;-1;-1
1;1;966;1;1;1;1;-1;-1;-1
1;1;-1;400;43;43;1;-1;-1;-1
1;1;-1;872;45;45;2;-1;-1;-1
0;1;-1;220;174;174;8;-1;-1;-1
1;1;-1;32;32;32;1;-1;-1;-1
0;1;-1;223;40;40;2;-1;-1;-1
1;1;-1;632;378;377;2;-1;-1;-1
0;1;-1;588;40;40;2;-1;-1;-1
0;1;-1;504;331;331;5;-1;-1;-1
0;1;1069;582;61;61;1;-1;-1;-1
0;1;1069;178;145;145;3;-1;-1;-1
1;1;1069;214;27;27;3;-1;-1;-1
0;1;-1;736;133;133;2;-1;-1;-1
0;1;-1;297;213;213;1;-1;-1;-1
0;1;-1;497;328;328;1;-1;-1;-1
0;1;-1;187;152;152;1;-1;-1;-1
0;1;-1;570;179;179;1;-1;-1;-1
1;1;-1;37;37;37;3;-1;-1;-1
0;1;497;173;111;111;3;-1;5567;-1
0;1;497;123;106;106;3;-1;5567;-1
0;1;497;178;145;145;3;-1;5567;-1
0;1;497;732;231;231;2;-1;5567;-1
0;1;497;328;231;231;3;-1;5567;-1
0;1;497;150;125;125;3;-1;5567;-1
0;1;497;148;124;124;3;-1;5567;-1
0;1;497;319;225;225;3;-1;5567;-1
0;1;497;153;127;127;3;-1;5567;-1
0;1;-1;630;179;179;7;-1;-1;-1
0;1;2403;4;4;4;2;-1;-1;-1
1;1;-1;719;405;405;1;-1;-1;-1
1;1;-1;546;351;351;2;-1;-1;-1
1;1;-1;547;352;352;13;-1;-1;-1
0;1;-1;43;43;43;2;-1;-1;-1
1;1;-1;48;1;1;2;-1;-1;-1
1;1;549;104;51;51;3;-1;5610;-1
0;1;-1;445;29;29;5;-1;-1;-1
0;1;-1;82;56;56;2;-1;-1;-1
0;1;-1;969;53;53;38;-1;-1;-1
0;1;-1;156;128;128;19;-1;-1;-1
0;1;-1;367;46;46;9;-1;-1;-1
1;1;-1;326;230;230;2;-1;-1;-1
1;1;-1;412;283;283;2;-1;-1;-1
0;1;-1;487;322;322;1;-1;-1;-1
0;1;-1;92;79;79;2;-1;-1;-1
0;1;-1;493;327;327;1;-1;-1;-1
0;1;-1;1038;337;337;2;-1;-1;-1
0;1;-1;912;337;337;46;-1;-1;-1
1;1;-1;906;476;476;38;-1;-1;-1
1;1;-1;642;383;383;2;-1;-1;-1
0;1;-1;1046;162;162;6;-1;-1;-1
0;1;-1;606;43;43;2;-1;-1;-1
0;1;-1;615;43;43;2;-1;-1;-1
0;1;-1;609;15;15;2;-1;-1;-1
0;1;-1;949;66;66;2;-1;-1;-1
1;1;-1;7;6;6;4;-1;-1;-1
0;1;-1;17;18;18;3;-1;-1;-1
0;1;-1;304;216;216;2;-1;-1;-1
0;1;-1;796;442;442;8;-1;-1;-1
0;1;-1;1037;337;337;2;-1;-1;-1
0;1;-1;397;272;272;3;-1;-1;-1
0;1;-1;493;326;326;1;-1;-1;-1
0;1;-1;490;324;324;1;-1;-1;-1
0;1;-1;710;320;320;2;-1;-1;-1
0;1;-1;877;348;348;1;-1;-1;-1
1;1;-1;360;250;250;2;-1;-1;-1
1;1;-1;743;414;414;2;-1;-1;-1
0;1;-1;224;175;175;1;-1;-1;-1
0;1;-1;563;223;223;2;-1;-1;-1
0;1;-1;40;40;40;2;-1;-1;-1
1;1;-1;105;51;51;3;-1;-1;-1
0;1;-1;285;205;205;19;-1;-1;-1
1;1;-1;891;358;358;2;-1;-1;-1
0;1;-1;317;95;95;1;-1;-1;-1
0;1;-1;737;411;411;3;-1;-1;-1
0;1;-1;483;306;306;1;-1;-1;-1
0;1;-1;674;82;82;8;-1;-1;-1
0;1;-1;177;89;89;3;-1;-1;-1
0;1;697;131;112;112;2;-1;-1;-1
1;1;-1;787;434;434;38;-1;-1;-1
0;1;1391;117;100;100;1;-1;-1;-1
0;1;-1;641;321;321;2;-1;-1;-1
0;1;-1;711;53;53;1;-1;-1;-1
0;1;-1;611;17;17;40;-1;-1;-1
0;1;-1;58;50;50;8;-1;-1;-1
0;1;-1;729;28;28;2;-1;-1;-1
0;1;-1;236;78;78;27;-1;-1;-1
1;1;-1;321;227;227;1;-1;-1;-1
1;1;-1;792;436;436;17;-1;-1;-1
0;1;-1;197;160;160;1;-1;-1;-1
0;1;-1;809;394;394;2;-1;-1;-1
0;1;-1;874;123;123;2;-1;-1;-1
0;1;387;440;301;301;1;-1;5480;-1
0;1;-1;130;112;112;2;-1;-1;-1
0;1;-1;218;43;43;31;-1;-1;-1
1;1;-1;323;228;228;36;-1;-1;-1
1;1;-1;882;34;34;2;-1;-1;-1
0;1;-1;450;307;307;35;-1;-1;-1
0;1;-1;841;456;456;1;-1;-1;-1
0;1;-1;23;24;24;1;-1;-1;-1
1;1;-1;645;386;13;2;-1;-1;-1
0;1;-1;718;404;404;1;-1;-1;-1
0;1;-1;269;200;200;30;-1;-1;-1
0;1;-1;672;5;5;2;-1;-1;-1
0;1;-1;695;195;195;2;-1;-1;-1
1;1;-1;747;416;416;2;-1;-1;-1
0;1;-1;750;232;232;7;-1;-1;-1
1;1;-1;843;249;249;61;-1;-1;-1
0;1;-1;590;117;117;2;-1;-1;-1
1;1;-1;623;216;216;2;-1;-1;-1
0;1;-1;931;149;149;2;-1;-1;-1
0;1;-1;183;149;149;1;-1;-1;-1
0;1;672;294;56;56;2;-1;5708;-1
0;1;672;595;312;312;23;-1;5708;-1
1;1;-1;301;83;83;3;-1;-1;-1
1;1;-1;419;189;189;35;-1;-1;-1
1;1;550;4;4;4;2;-1;5611;-1
0;1;-1;351;242;242;3;-1;-1;-1
0;1;2552;4;4;4;2;-1;7243;-1
0;1;1925;728;408;408;1;-1;6710;-1
0;1;1925;733;408;408;2;-1;6710;-1
1;1;-1;1052;508;507;65;-1;-1;-1
1;1;-1;795;441;441;2;-1;-1;-1
0;1;-1;254;191;191;2;-1;-1;-1
1;1;-1;56;28;28;2;-1;-1;-1
0;1;-1;229;33;33;27;-1;-1;-1
1;1;-1;448;278;278;2;-1;-1;-1
0;1;-1;854;369;369;23;-1;-1;-1
0;1;-1;1037;506;506;1;-1;-1;-1
0;1;-1;730;28;28;2;-1;-1;-1
0;1;-1;742;56;56;57;-1;-1;-1
1;1;-1;338;233;233;2;-1;-1;-1
0;1;-1;147;123;123;1;-1;-1;-1
0;1;-1;1035;129;129;2;-1;-1;-1
0;1;604;298;214;214;31;-1;-1;-1
0;1;604;128;110;110;20;-1;-1;-1
0;1;604;180;147;147;1;-1;-1;-1
1;1;-1;372;256;256;17;-1;-1;-1
1;1;-1;383;262;262;2;-1;-1;-1
1;1;-1;374;241;241;17;-1;-1;-1
1;1;-1;381;239;239;17;-1;-1;-1
1;1;-1;346;238;238;3;-1;-1;-1
1;1;-1;996;400;400;38;-1;-1;-1
1;1;-1;897;400;400;38;-1;-1;-1
0;1;-1;984;496;496;27;-1;-1;-1
1;1;-1;731;280;280;2;-1;-1;-1
1;1;-1;784;14;430;2;-1;-1;-1
0;1;-1;703;402;402;1;-1;-1;-1
0;1;-1;847;458;458;1;-1;-1;-1
0;1;-1;929;483;483;1;-1;-1;-1
1;1;-1;259;39;39;3;-1;-1;-1
0;1;-1;252;81;81;1;-1;-1;-1
0;1;1984;4;4;4;2;-1;6757;-1
0;1;1106;667;220;220;2;-1;6043;-1
0;1;-1;837;199;199;1;-1;-1;-1
0;1;-1;688;19;19;2;-1;-1;-1
1;1;-1;650;389;388;2;-1;-1;-1
0;1;-1;30;31;31;6;-1;-1;-1
0;1;-1;757;420;420;48;-1;-1;-1
1;1;-1;568;360;360;3;-1;-1;-1
0;1;-1;704;42;42;2;-1;-1;-1
0;1;2091;263;196;196;1;-1;6849;-1
0;1;907;624;376;376;1;-1;5897;-1
0;1;106;4;4;4;2;-1;-1;-1
1;1;-1;646;387;387;2;-1;-1;-1
1;1;-1;1023;503;503;2;-1;-1;-1
0;1;-1;41;41;41;1;-1;-1;-1
0;1;-1;814;445;445;27;-1;-1;-1
0;1;-1;967;43;43;7;-1;-1;-1
0;1;-1;653;72;72;7;-1;-1;-1
1;1;-1;590;117;117;2;-1;-1;-1
0;1;-1;878;348;348;1;-1;-1;-1
0;1;-1;279;96;96;2;-1;-1;-1
1;1;1625;124;107;107;2;-1;6461;-1
0;1;-1;937;293;293;2;-1;-1;-1
1;1;-1;829;451;451;2;-1;-1;-1
0;1;-1;838;455;455;6;-1;-1;-1
0;1;-1;102;87;87;2;-1;-1;-1
1;1;-1;578;366;366;2;-1;-1;-1
0;1;-1;121;104;104;6;-1;-1;-1
0;1;-1;1031;95;95;2;-1;-1;-1
0;1;-1;220;31;31;23;-1;-1;-1
1;1;538;473;203;203;1;-1;5600;-1
0;1;538;257;193;193;3;-1;5600;-1
0;1;-1;592;66;66;2;-1;-1;-1
1;1;-1;93;80;80;3;-1;-1;-1
1;1;-1;207;166;166;3;-1;-1;-1
0;1;-1;1003;5;5;2;-1;-1;-1
0;1;2555;670;76;76;2;-1;7246;-1
1;1;2555;94;81;81;1;-1;7246;-1
0;1;-1;367;253;253;2;-1;-1;-1
0;1;-1;478;145;145;2;-1;-1;-1
0;1;-1;213;168;168;6;-1;-1;-1
0;1;2033;124;107;107;2;-1;-1;-1
0;1;1824;75;66;66;1;-1;6629;-1
0;1;-1;306;217;217;2;-1;-1;-1
0;1;-1;865;186;186;2;-1;-1;-1
1;1;-1;640;382;382;2;-1;-1;-1
0;1;-1;853;264;264;2;-1;-1;-1
1;1;-1;790;435;435;38;-1;-1;-1
0;1;-1;740;82;82;1;-1;-1;-1
0;1;-1;660;192;192;3;-1;-1;-1
0;1;-1;540;347;347;1;-1;-1;-1
1;1;-1;869;239;239;2;-1;-1;-1
0;1;-1;34;31;31;2;-1;-1;-1
0;1;-1;218;173;173;1;-1;-1;-1
0;1;-1;94;80;80;3;-1;-1;-1
0;1;147;124;107;107;2;-1;5296;-1
0;1;-1;678;24;24;2;-1;-1;-1
0;1;-1;926;482;482;63;-1;-1;-1
0;1;-1;315;222;222;2;-1;-1;-1
0;1;1749;107;91;91;16;-1;6559;-1
0;1;1749;638;81;81;16;-1;6559;-1
0;1;-1;60;51;51;2;-1;-1;-1
1;1;-1;891;474;474;38;-1;-1;-1
1;1;-1;890;356;356;38;-1;-1;-1
0;1;-1;39;38;38;2;-1;-1;-1
0;1;-1;1021;106;106;2;-1;-1;-1
0;1;297;328;231;231;3;-1;-1;-1
0;1;1139;111;95;95;1;-1;-1;-1
1;1;-1;944;246;246;2;-1;-1;-1
1;1;-1;429;294;294;17;-1;-1;-1
1;1;-1;352;40;40;2;-1;-1;-1
0;1;-1;874;137;137;5;-1;-1;-1
0;1;-1;635;379;379;1;-1;-1;-1
0;1;-1;502;66;66;1;-1;-1;-1
0;1;-1;84;72;72;7;-1;-1;-1
1;1;735;4;4;4;2;-1;5758;-1
0;1;1158;179;146;146;3;-1;6086;1787
1;1;1158;567;360;360;3;-1;6086;1787
0;1;-1;685;317;317;2;-1;-1;-1
0;1;800;378;260;260;3;-1;5805;-1
0;1;-1;678;393;93;2;-1;-1;-1
0;1;-1;480;40;40;2;-1;-1;-1
0;1;-1;768;188;188;2;-1;-1;-1
1;1;792;310;220;220;5;-1;-1;-1
1;1;792;667;220;220;2;-1;-1;-1
0;1;-1;276;36;36;2;-1;-1;-1
0;1;-1;311;220;220;5;-1;-1;-1
0;1;-1;981;495;495;14;-1;-1;-1
0;1;-1;815;227;227;2;-1;-1;-1
0;1;-1;953;488;488;2;-1;-1;-1
1;1;-1;514;336;336;2;-1;-1;-1
1;1;-1;510;333;333;38;-1;-1;-1
1;1;-1;441;302;302;2;-1;-1;-1
1;1;-1;512;335;335;2;-1;-1;-1
1;1;-1;511;334;334;2;-1;-1;-1
0;1;-1;693;397;397;1;-1;-1;-1
0;1;-1;162;45;45;2;-1;-1;-1
0;1;-1;663;127;127;2;-1;-1;-1
0;1;-1;282;70;70;2;-1;-1;-1
0;1;-1;198;160;160;1;-1;-1;-1
0;1;-1;293;160;160;1;-1;-1;-1
1;1;1069;446;305;305;1;-1;-1;-1
0;1;267;186;151;151;23;-1;-1;-1
0;1;-1;1036;506;506;1;-1;-1;-1
0;1;-1;558;230;230;51;-1;-1;-1
0;1;-1;840;40;40;2;-1;-1;-1
0;1;-1;905;51;51;2;-1;-1;-1
0;1;-1;832;397;397;2;-1;-1;-1
0;1;-1;72;62;62;6;-1;-1;-1
0;1;-1;503;66;66;1;-1;-1;-1
0;1;-1;1013;291;291;2;-1;-1;-1
0;1;-1;445;114;114;8;-1;-1;-1
1;1;-1;129;111;111;2;-1;-1;-1
0;1;-1;609;243;243;2;-1;-1;-1
0;1;-1;535;301;301;22;-1;-1;-1
0;1;-1;320;225;225;3;-1;-1;-1
0;1;-1;512;40;40;2;-1;-1;-1
0;1;-1;463;40;40;2;-1;-1;-1
0;1;-1;587;40;40;2;-1;-1;-1
0;1;1356;105;89;89;3;-1;6246;-1
0;1;1356;179;146;146;3;-1;6246;-1
0;1;-1;1009;499;499;1;-1;-1;-1
0;1;2130;291;211;211;1;-1;-1;-1
1;1;-1;518;249;249;17;-1;-1;-1
0;1;-1;583;61;61;1;-1;-1;-1
0;1;-1;484;203;203;1;-1;-1;-1
0;1;-1;505;227;227;3;-1;-1;-1
0;1;-1;812;59;59;2;-1;-1;-1
0;1;2106;554;357;357;1;-1;6863;-1
0;1;-1;840;456;456;1;-1;-1;-1
1;1;-1;774;262;262;2;-1;-1;-1
0;1;297;732;231;231;2;-1;-1;-1
0;1;610;655;24;24;2;-1;5662;-1
1;1;-1;803;436;436;2;-1;-1;-1
0;1;-1;969;417;417;2;-1;-1;-1
0;1;-1;321;226;226;1;-1;-1;-1
0;1;-1;849;38;38;1;-1;-1;-1
0;1;-1;266;197;197;13;-1;-1;-1
0;1;1370;500;329;329;15;-1;6258;-1
0;1;-1;335;120;120;1;-1;-1;-1
0;1;-1;310;120;120;1;-1;-1;-1
0;1;-1;723;28;28;2;-1;-1;-1
0;1;-1;680;394;394;1;-1;-1;-1
1;1;-1;377;258;258;2;-1;-1;-1
1;1;-1;726;245;245;17;-1;-1;-1
1;1;-1;791;436;436;17;-1;-1;-1
0;1;-1;476;319;319;1;-1;-1;-1
0;1;-1;669;129;129;1;-1;-1;-1
0;1;-1;989;5;5;2;-1;-1;-1
0;1;-1;446;114;114;8;-1;-1;-1
0;1;-1;622;17;17;1;-1;-1;-1
0;1;-1;520;209;209;48;-1;-1;-1
0;1;-1;849;318;318;1;-1;-1;-1
0;1;-1;863;462;462;5;-1;-1;-1
0;1;-1;172;140;140;28;-1;-1;-1
0;1;-1;458;143;143;3;-1;-1;-1
0;1;2563;1024;5;5;2;-1;7252;-1
0;1;-1;419;287;287;7;-1;-1;-1
0;1;-1;561;202;202;5;-1;-1;-1
0;1;-1;391;22;22;2;-1;-1;-1
1;1;-1;427;292;292;17;-1;-1;-1
0;1;-1;517;82;82;3;-1;-1;-1
0;1;-1;857;348;348;1;-1;-1;-1
0;1;-1;175;143;143;1;-1;-1;-1
1;1;-1;793;437;437;2;-1;-1;-1
0;1;1885;66;58;58;5;-1;6680;2173
0;1;1885;284;205;205;19;-1;6680;2173
0;1;-1;1034;109;109;2;-1;-1;-1
0;1;-1;954;260;260;2;-1;-1;-1
0;1;-1;110;95;95;1;-1;-1;-1
0;1;-1;665;192;192;2;-1;-1;-1
0;1;-1;654;192;192;1;-1;-1;-1
1;1;-1;732;280;280;2;-1;-1;-1
0;1;-1;921;181;181;2;-1;-1;-1
1;1;-1;92;78;78;1;-1;-1;-1
0;1;-1;886;389;388;2;-1;-1;-1
1;1;-1;125;107;107;2;-1;-1;-1
0;1;1339;36;36;36;1;-1;6232;-1
0;1;2367;124;107;107;2;-1;7089;-1
0;1;2367;157;130;130;5;-1;7089;-1
0;1;2367;343;112;112;5;-1;7089;-1
0;1;2367;291;211;211;1;-1;7089;-1
1;1;2367;4;4;4;2;-1;7089;-1
1;1;-1;1047;487;487;61;-1;-1;-1
0;1;-1;124;106;106;3;-1;-1;-1
0;1;-1;127;3;3;9;-1;-1;-1
0;1;-1;647;81;81;16;-1;-1;-1
0;1;-1;1019;152;152;2;-1;-1;-1
0;1;-1;1031;243;243;8;-1;-1;-1
1;1;-1;759;253;253;5;-1;-1;-1
1;1;-1;947;94;93;2;-1;-1;-1
1;1;-1;438;299;299;2;-1;-1;-1
0;1;-1;918;209;209;2;-1;-1;-1
1;1;-1;774;33;33;2;-1;-1;-1
0;1;-1;690;305;305;2;-1;-1;-1
0;1;-1;434;166;166;2;-1;-1;-1
0;1;-1;10;11;11;1;-1;-1;-1
1;1;-1;1028;504;504;38;-1;-1;-1
0;1;-1;325;229;229;2;-1;-1;-1
0;1;-1;720;405;405;1;-1;-1;-1
1;1;-1;467;316;316;2;-1;-1;-1
0;1;-1;742;413;413;14;-1;-1;-1
0;1;-1;541;348;348;2;-1;-1;-1
0;1;2036;734;120;120;2;-1;6800;2481
0;1;2036;520;120;120;2;-1;6800;2481
0;1;-1;861;209;209;2;-1;-1;-1
0;1;-1;630;28;28;1;-1;-1;-1
0;1;-1;52;16;16;8;-1;-1;-1
0;1;-1;860;419;419;2;-1;-1;-1
0;1;-1;863;319;319;2;-1;-1;-1
0;1;-1;862;16;16;2;-1;-1;-1
0;1;-1;603;153;153;2;-1;-1;-1
1;1;2067;310;220;220;5;-1;6827;-1
0;1;2067;230;33;33;1;-1;6827;-1
0;1;2067;774;33;33;2;-1;6827;-1
0;1;-1;227;148;148;18;-1;-1;-1
0;1;-1;219;43;43;32;-1;-1;-1
0;1;-1;508;48;48;3;-1;-1;-1
0;1;218;595;312;312;23;-1;-1;-1
0;1;-1;138;117;117;5;-1;-1;-1
0;1;-1;527;198;198;1;-1;-1;-1
1;1;-1;176;89;89;3;-1;-1;-1
0;1;-1;658;376;376;2;-1;-1;-1
0;1;-1;126;108;108;6;-1;-1;-1
0;1;675;691;396;396;1;-1;5710;54
0;1;675;692;396;396;1;-1;5710;54
0;1;675;595;312;312;23;-1;5710;54
1;1;-1;788;367;367;2;-1;-1;-1
1;1;-1;986;410;410;38;-1;-1;-1
0;1;-1;21;22;22;6;-1;-1;-1
0;1;-1;560;202;202;5;-1;-1;-1
1;1;-1;327;230;230;2;-1;-1;-1
0;1;1080;309;120;120;1;-1;6025;-1
0;1;1080;142;120;120;1;-1;6025;-1
0;1;1080;564;120;120;1;-1;6025;-1
0;1;1467;328;231;231;3;-1;-1;-1
1;1;-1;165;135;134;2;-1;-1;-1
0;1;1467;332;232;232;31;-1;-1;-1
0;1;1467;526;343;343;5;-1;-1;-1
0;1;1467;297;214;214;31;-1;-1;-1
0;1;1467;749;198;198;1;-1;-1;-1
0;1;1467;641;197;197;2;-1;-1;-1
0;1;-1;396;271;271;30;-1;-1;-1
0;1;-1;473;40;40;2;-1;-1;-1
1;1;-1;915;356;356;2;-1;-1;-1
1;1;-1;779;300;300;2;-1;-1;-1
0;1;-1;724;28;28;2;-1;-1;-1
0;1;-1;272;201;201;1;-1;-1;-1
0;1;1808;231;23;23;5;-1;6614;-1
0;1;1808;741;56;56;56;-1;6614;-1
0;1;1808;30;28;28;7;-1;6614;-1
0;1;-1;264;196;196;1;-1;-1;-1
0;1;-1;247;188;188;35;-1;-1;-1
0;1;188;724;91;91;2;-1;-1;-1
0;1;-1;2;1;1;2;-1;-1;-1
0;1;-1;935;485;485;2;-1;-1;-1
0;1;-1;1039;365;365;2;-1;-1;-1
0;1;-1;87;75;75;2;-1;-1;-1
0;1;-1;839;40;40;2;-1;-1;-1
0;1;-1;148;73;73;5;-1;-1;-1
0;1;-1;380;261;261;8;-1;-1;-1
1;1;1711;4;4;4;2;-1;6530;-1
0;1;-1;805;190;190;2;-1;-1;-1
0;1;-1;490;40;40;2;-1;-1;-1
0;1;-1;427;1;1;1;-1;-1;-1
1;1;-1;5;4;4;2;-1;-1;-1
0;1;-1;506;331;331;5;-1;-1;-1
0;1;-1;838;199;199;1;-1;-1;-1
0;1;-1;839;455;455;6;-1;-1;-1
0;1;582;920;181;181;2;-1;-1;-1
0;1;582;265;197;197;13;-1;-1;-1
0;1;582;641;197;197;2;-1;-1;-1
0;1;-1;409;281;281;1;-1;-1;-1
0;1;-1;404;278;278;1;-1;-1;-1
0;1;-1;49;1;1;2;-1;-1;-1
1;1;-1;380;239;239;17;-1;-1;-1
0;1;-1;450;306;306;1;-1;-1;-1
0;1;-1;337;42;42;23;-1;-1;-1
0;1;-1;676;120;120;2;-1;-1;-1
1;1;-1;651;86;86;2;-1;-1;-1
0;1;-1;804;63;63;2;-1;-1;-1
1;1;-1;369;254;254;2;-1;-1;-1
1;1;-1;525;341;340;35;-1;-1;-1
1;1;-1;939;292;292;38;-1;-1;-1
1;1;1663;979;494;493;2;-1;6491;-1
0;1;-1;202;45;45;18;-1;-1;-1
0;1;-1;686;142;142;2;-1;-1;-1
0;1;-1;600;371;371;1;-1;-1;-1
0;1;-1;962;33;33;2;-1;-1;-1
1;1;-1;245;187;187;2;-1;-1;-1
0;1;-1;980;150;150;1;-1;-1;-1
0;1;-1;819;147;147;2;-1;-1;-1
0;1;409;415;204;204;2;-1;5498;-1
0;1;-1;579;355;355;2;-1;-1;-1
0;1;1956;72;63;63;11;-1;6736;-1
0;1;-1;323;5;5;2;-1;-1;-1
0;1;-1;613;147;147;2;-1;-1;-1
0;1;-1;809;196;196;59;-1;-1;-1
0;1;-1;644;157;157;53;-1;-1;-1
0;1;-1;429;293;293;30;-1;-1;-1
0;1;-1;292;211;211;1;-1;-1;-1
1;1;-1;788;434;434;38;-1;-1;-1
1;1;-1;789;367;367;2;-1;-1;-1
0;1;-1;896;155;155;1;-1;-1;-1
1;1;-1;773;425;425;38;-1;-1;-1
0;1;512;498;40;40;2;-1;5579;-1
1;1;-1;830;451;451;2;-1;-1;-1
1;1;-1;831;452;452;57;-1;-1;-1
1;1;-1;519;337;337;3;-1;-1;-1
0;1;-1;1038;365;365;2;-1;-1;-1
1;1;-1;109;92;92;18;-1;-1;-1
1;1;-1;800;281;444;57;-1;-1;-1
0;1;-1;308;218;218;5;-1;-1;-1
0;1;-1;569;179;179;1;-1;-1;-1
1;1;-1;530;285;285;2;-1;-1;-1
1;1;-1;531;335;335;2;-1;-1;-1
1;1;-1;335;48;48;3;-1;-1;-1
1;1;-1;144;121;121;2;-1;-1;-1
0;1;2034;450;307;307;35;-1;6798;-1
0;1;2034;462;315;315;3;-1;6798;-1
0;1;-1;541;90;90;2;-1;-1;-1
0;1;-1;255;141;141;5;-1;-1;-1
0;1;-1;712;81;81;13;-1;-1;-1
0;1;1833;277;203;203;2;-1;6636;-1
1;1;-1;67;58;58;5;-1;-1;-1
0;1;2496;554;357;357;1;-1;7196;-1
1;1;-1;892;358;358;2;-1;-1;-1
0;1;-1;551;353;353;8;-1;-1;-1
1;1;-1;180;146;146;3;-1;-1;-1
1;1;297;132;114;114;1;-1;-1;-1
0;1;-1;189;136;136;3;-1;-1;-1
0;1;-1;594;369;369;18;-1;-1;-1
0;1;-1;851;222;222;50;-1;-1;-1
0;1;-1;152;126;126;2;-1;-1;-1
0;1;-1;294;212;212;18;-1;-1;-1
0;1;-1;695;198;198;1;-1;-1;-1
0;1;-1;112;96;96;1;-1;-1;-1
0;1;-1;117;99;99;1;-1;-1;-1
0;1;-1;725;407;407;1;-1;-1;-1
1;1;-1;5;5;5;2;-1;-1;-1
1;1;546;4;4;4;2;-1;5607;-1
0;1;-1;651;86;86;2;-1;-1;-1
0;1;1249;462;315;315;3;-1;6163;-1
0;1;2450;4;4;4;2;-1;7160;-1
0;1;-1;110;94;93;2;-1;-1;-1
1;1;-1;707;267;267;2;-1;-1;-1
0;1;-1;649;69;69;27;-1;-1;-1
0;1;-1;639;81;81;16;-1;-1;-1
1;1;-1;446;305;305;1;-1;-1;-1
1;1;1699;785;433;433;2;-1;6521;-1
0;1;-1;102;75;75;16;-1;-1;-1
1;1;-1;440;92;92;2;-1;-1;-1
0;1;-1;206;165;165;2;-1;-1;-1
0;1;-1;1004;5;5;2;-1;-1;-1
0;1;-1;945;186;186;1;-1;-1;-1
0;1;-1;332;193;193;2;-1;-1;-1
1;1;-1;935;457;457;2;-1;-1;-1
1;1;-1;454;309;308;45;-1;-1;-1
0;1;-1;461;45;45;16;-1;-1;-1
0;1;1226;305;217;217;2;-1;-1;-1
1;1;699;107;91;91;16;-1;5729;-1
0;1;699;732;231;231;2;-1;5729;-1
0;1;-1;186;129;129;6;-1;-1;-1
1;1;-1;548;92;92;39;-1;-1;-1
1;1;-1;39;39;39;3;-1;-1;-1
0;1;1760;235;180;180;8;-1;6570;-1
0;1;-1;836;454;454;1;-1;-1;-1
0;1;-1;684;395;395;3;-1;-1;-1
0;1;-1;209;76;76;1;-1;-1;-1
0;1;-1;471;40;40;2;-1;-1;-1
1;1;-1;985;410;410;38;-1;-1;-1
0;1;-1;700;61;61;2;-1;-1;-1
0;1;-1;911;446;446;1;-1;-1;-1
0;1;-1;199;123;123;2;-1;-1;-1
0;1;-1;895;226;226;2;-1;-1;-1
0;1;104;362;216;216;3;-1;5262;-1
0;1;104;623;216;216;2;-1;5262;-1
0;1;-1;316;223;223;5;-1;-1;-1
0;1;-1;313;194;194;5;-1;-1;-1
1;1;-1;893;233;233;2;-1;-1;-1
0;1;-1;587;50;50;2;-1;-1;-1
1;1;2336;4;4;4;2;-1;7064;-1
0;1;-1;31;28;28;8;-1;-1;-1
0;1;-1;603;372;372;53;-1;-1;-1
1;1;-1;940;292;292;38;-1;-1;-1
0;1;-1;936;485;485;2;-1;-1;-1
0;1;1288;333;20;20;27;-1;6192;-1
0;1;-1;574;364;364;32;-1;-1;-1
0;1;-1;764;40;40;2;-1;-1;-1
1;1;-1;993;495;495;2;-1;-1;-1
1;1;-1;388;249;249;2;-1;-1;-1
1;1;-1;390;268;268;2;-1;-1;-1
1;1;-1;393;240;240;2;-1;-1;-1
1;1;-1;922;421;421;38;-1;-1;-1
0;1;-1;181;147;147;1;-1;-1;-1
0;1;-1;80;71;71;12;-1;-1;-1
1;1;-1;398;273;273;2;-1;-1;-1
0;1;-1;707;199;199;1;-1;-1;-1
1;1;-1;842;249;249;60;-1;-1;-1
0;1;1842;976;75;75;2;-1;6645;-1
0;1;-1;966;35;35;65;-1;-1;-1
0;1;-1;534;345;345;1;-1;-1;-1
0;1;-1;533;345;345;1;-1;-1;-1
0;1;-1;702;2;2;2;-1;-1;-1
0;1;-1;703;2;2;2;-1;-1;-1
0;1;-1;129;111;111;2;-1;-1;-1
0;1;-1;701;61;61;2;-1;-1;-1
1;1;-1;437;298;298;2;-1;-1;-1
0;1;-1;200;123;123;2;-1;-1;-1
0;1;1568;106;90;90;2;-1;6408;2512
0;1;-1;963;480;480;1;-1;-1;-1
0;1;-1;523;172;172;1;-1;-1;-1
1;1;-1;556;158;158;2;-1;-1;-1
0;1;-1;1042;146;146;2;-1;-1;-1
0;1;-1;289;209;209;8;-1;-1;-1
0;1;-1;820;447;447;2;-1;-1;-1
0;1;-1;991;113;113;2;-1;-1;-1
0;1;-1;706;369;369;2;-1;-1;-1
0;1;-1;774;33;33;2;-1;-1;-1
1;1;1447;329;144;144;1;-1;6308;-1
0;1;1447;292;160;160;1;-1;6308;-1
1;1;1447;355;246;246;39;-1;6308;-1
1;1;1447;364;233;233;40;-1;6308;-1
1;1;1447;344;237;237;37;-1;6308;-1
1;1;1447;389;268;268;2;-1;6308;-1
1;1;1447;242;2;2;3;-1;6308;-1
0;1;-1;642;383;383;2;-1;-1;-1
0;1;-1;238;66;66;3;-1;-1;-1
0;1;-1;14;15;15;1;-1;-1;-1
0;1;-1;489;323;323;8;-1;-1;-1
0;1;-1;472;318;318;18;-1;-1;-1
0;1;-1;221;174;174;8;-1;-1;-1
0;1;-1;187;151;151;23;-1;-1;-1
1;1;-1;399;274;274;2;-1;-1;-1
1;1;-1;394;270;270;17;-1;-1;-1
1;1;-1;406;280;280;2;-1;-1;-1
1;1;-1;403;277;276;2;-1;-1;-1
0;1;-1;443;303;303;27;-1;-1;-1
0;1;-1;593;66;66;2;-1;-1;-1
0;1;-1;302;215;215;3;-1;-1;-1
0;1;-1;182;149;149;1;-1;-1;-1
0;1;-1;1018;490;490;1;-1;-1;-1
0;1;-1;90;77;77;14;-1;-1;-1
0;1;-1;421;284;284;1;-1;-1;-1
1;1;-1;601;312;312;51;-1;-1;-1
0;1;-1;1010;212;212;2;-1;-1;-1
0;1;2026;638;81;81;16;-1;6792;-1
1;1;-1;1029;505;505;2;-1;-1;-1
0;1;-1;303;83;83;35;-1;-1;-1
1;1;-1;222;175;175;1;-1;-1;-1
0;1;-1;488;322;322;1;-1;-1;-1
0;1;-1;363;216;216;3;-1;-1;-1
0;1;-1;424;291;291;1;-1;-1;-1
0;1;-1;15;17;17;2;-1;-1;-1
0;1;-1;994;392;392;2;-1;-1;-1
0;1;-1;852;40;40;2;-1;-1;-1
1;1;-1;959;489;489;64;-1;-1;-1
1;1;-1;130;111;111;2;-1;-1;-1
0;1;-1;179;145;145;3;-1;-1;-1
0;1;2354;319;225;225;3;-1;7080;2093
1;1;-1;907;245;245;17;-1;-1;-1
0;1;-1;576;178;178;6;-1;-1;-1
0;1;-1;550;177;177;2;-1;-1;-1
1;1;-1;255;58;58;2;-1;-1;-1
1;1;-1;1006;274;274;2;-1;-1;-1
0;1;244;212;170;170;5;-1;5366;-1
0;1;-1;379;260;260;3;-1;-1;-1
0;1;-1;521;120;120;2;-1;-1;-1
0;1;-1;9;9;9;3;-1;-1;-1
1;1;-1;672;245;245;2;-1;-1;-1
0;1;159;554;357;357;1;-1;5304;-1
0;1;159;59;51;51;2;-1;5304;-1
1;1;159;766;424;424;38;-1;5304;-1
0;1;-1;591;1;1;18;-1;-1;-1
0;1;-1;914;463;463;2;-1;-1;-1
1;1;-1;883;470;470;2;-1;-1;-1
1;1;-1;697;399;399;38;-1;-1;-1
1;1;-1;884;471;471;2;-1;-1;-1
0;1;-1;139;118;118;2;-1;-1;-1
0;1;1195;789;184;184;2;-1;6116;-1
0;1;-1;1058;510;509;65;-1;-1;-1
0;1;-1;873;45;45;2;-1;-1;-1
1;1;-1;543;266;266;2;-1;-1;-1
0;1;-1;696;195;195;2;-1;-1;-1
1;1;-1;258;193;193;3;-1;-1;-1
1;1;217;53;47;47;2;-1;5347;-1
0;1;217;315;223;223;5;-1;5347;-1
0;1;217;205;165;165;2;-1;5347;-1
1;1;-1;795;440;439;59;-1;-1;-1
0;1;-1;628;57;57;2;-1;-1;-1
0;1;-1;135;112;112;20;-1;-1;-1
0;1;-1;140;38;38;1;-1;-1;-1
0;1;-1;495;66;66;46;-1;-1;-1
0;1;-1;881;469;469;1;-1;-1;-1
0;1;-1;164;133;133;3;-1;-1;-1
0;1;-1;666;152;152;2;-1;-1;-1
0;1;-1;257;192;192;1;-1;-1;-1
0;1;-1;414;251;251;1;-1;-1;-1
0;1;-1;314;222;222;2;-1;-1;-1
0;1;-1;1020;152;152;2;-1;-1;-1
1;1;-1;26;27;27;2;-1;-1;-1
0;1;-1;740;412;412;1;-1;-1;-1
0;1;-1;876;467;467;1;-1;-1;-1
1;1;-1;347;239;239;2;-1;-1;-1
1;1;-1;349;240;240;2;-1;-1;-1
0;1;625;539;347;347;1;-1;5672;885
1;1;915;4;4;4;2;-1;5902;-1
0;1;-1;305;118;118;3;-1;-1;-1
0;1;-1;670;140;140;3;-1;-1;-1
1;1;-1;939;299;299;60;-1;-1;-1
1;1;-1;884;401;401;2;-1;-1;-1
1;1;-1;780;300;300;2;-1;-1;-1
1;1;-1;359;249;249;2;-1;-1;-1
1;1;-1;362;251;251;2;-1;-1;-1
1;1;-1;361;250;250;2;-1;-1;-1
0;1;2109;123;106;106;3;-1;6866;290
0;1;2109;126;3;3;9;-1;6866;290
0;1;-1;743;413;413;14;-1;-1;-1
0;1;-1;577;50;50;2;-1;-1;-1
0;1;267;140;119;119;21;-1;-1;-1
0;1;267;377;259;259;3;-1;-1;-1
0;1;267;736;411;411;3;-1;-1;-1
0;1;-1;433;154;154;1;-1;-1;-1
0;1;-1;231;33;33;1;-1;-1;-1
0;1;-1;599;370;370;1;-1;-1;-1
0;1;-1;242;184;184;5;-1;-1;-1
1;1;-1;647;387;387;2;-1;-1;-1
0;1;61;365;124;124;6;-1;5227;-1
0;1;61;186;151;151;23;-1;5227;-1
0;1;61;572;363;363;6;-1;5227;-1
0;1;61;23;25;25;6;-1;5227;-1
0;1;61;336;42;42;23;-1;5227;-1
0;1;-1;968;43;43;7;-1;-1;-1
1;1;1698;307;218;218;5;-1;6520;-1
0;1;-1;725;91;91;2;-1;-1;-1
0;1;-1;664;225;225;2;-1;-1;-1
0;1;-1;501;329;329;15;-1;-1;-1
0;1;-1;653;192;192;1;-1;-1;-1
0;1;-1;664;192;192;2;-1;-1;-1
1;1;-1;432;40;40;2;-1;-1;-1
1;1;-1;557;158;158;2;-1;-1;-1
0;1;-1;628;139;139;2;-1;-1;-1
1;1;-1;1035;416;416;38;-1;-1;-1
0;1;-1;1041;10;10;2;-1;-1;-1
0;1;-1;631;179;179;7;-1;-1;-1
0;1;-1;3;2;2;1;-1;-1;-1
0;1;-1;62;53;53;6;-1;-1;-1
1;1;-1;887;473;473;39;-1;-1;-1
0;1;-1;1033;11;11;1;-1;-1;-1
0;1;-1;457;312;312;2;-1;-1;-1
0;1;366;4;4;4;2;-1;5463;-1
0;1;354;261;195;195;1;-1;-1;-1
1;1;354;107;91;91;16;-1;-1;-1
0;1;-1;910;70;70;2;-1;-1;-1
1;1;-1;621;375;375;1;-1;-1;-1
0;1;-1;146;122;122;23;-1;-1;-1
1;1;-1;28;29;29;2;-1;-1;-1
0;1;-1;241;183;183;33;-1;-1;-1
0;1;-1;415;251;251;1;-1;-1;-1
0;1;-1;591;117;117;2;-1;-1;-1
0;1;-1;456;311;311;1;-1;-1;-1
1;1;399;451;263;263;2;-1;5490;-1
1;1;-1;775;33;33;2;-1;-1;-1
1;1;-1;772;405;405;2;-1;-1;-1
0;1;-1;614;43;43;2;-1;-1;-1
0;1;-1;776;1;1;2;-1;-1;-1
0;1;-1;771;407;407;2;-1;-1;-1
0;1;-1;495;29;29;46;-1;-1;-1
1;1;-1;330;144;144;1;-1;-1;-1
0;1;-1;195;158;158;1;-1;-1;-1
0;1;-1;516;116;116;6;-1;-1;-1
1;1;-1;834;356;356;2;-1;-1;-1
1;1;-1;646;386;13;2;-1;-1;-1
0;1;-1;123;105;105;2;-1;-1;-1
0;1;-1;508;40;40;2;-1;-1;-1
1;1;-1;1040;360;360;2;-1;-1;-1
0;1;-1;334;20;20;27;-1;-1;-1
1;1;-1;642;197;197;2;-1;-1;-1
0;1;-1;617;155;155;2;-1;-1;-1
0;1;-1;604;153;153;2;-1;-1;-1
0;1;-1;618;349;349;2;-1;-1;-1
0;1;-1;480;155;155;1;-1;-1;-1
0;1;-1;614;147;147;2;-1;-1;-1
0;1;-1;33;31;31;2;-1;-1;-1
0;1;-1;625;376;376;1;-1;-1;-1
0;1;-1;211;72;72;31;-1;-1;-1
0;1;-1;184;150;150;8;-1;-1;-1
0;1;-1;68;38;38;2;-1;-1;-1
0;1;-1;821;447;447;2;-1;-1;-1
1;1;-1;815;227;227;2;-1;-1;-1
0;1;-1;412;284;284;1;-1;-1;-1
0;1;-1;45;40;40;2;-1;-1;-1
0;1;-1;253;24;24;6;-1;-1;-1
1;1;-1;119;101;101;2;-1;-1;-1
0;1;-1;479;145;145;2;-1;-1;-1
1;1;-1;500;329;329;15;-1;-1;-1
0;1;916;486;321;321;25;-1;-1;-1
0;1;-1;457;143;143;3;-1;-1;-1
0;1;-1;208;167;167;30;-1;-1;-1
1;1;-1;13;14;13;2;-1;-1;-1
1;1;1271;367;253;253;2;-1;6178;-1
1;1;1271;158;85;85;3;-1;6178;-1
1;1;1271;364;252;252;2;-1;6178;-1
0;1;1271;265;197;197;13;-1;6178;-1
0;1;1271;597;320;320;3;-1;6178;-1
0;1;1271;51;46;46;3;-1;6178;-1
0;1;1271;79;70;70;1;-1;6178;-1
0;1;1271;142;120;120;1;-1;6178;-1
0;1;1490;833;65;65;2;-1;6342;-1
0;1;1490;9;10;10;4;-1;6342;-1
1;1;-1;1048;487;487;61;-1;-1;-1
1;1;2313;17;19;19;3;-1;7043;-1
0;1;2313;9;10;10;4;-1;7043;-1
0;1;-1;230;1;1;6;-1;-1;-1
0;1;-1;65;56;56;5;-1;-1;-1
1;1;-1;987;497;497;2;-1;-1;-1
0;1;-1;601;371;371;1;-1;-1;-1
0;1;-1;416;204;204;2;-1;-1;-1
0;1;-1;865;463;463;27;-1;-1;-1
0;1;-1;63;54;54;5;-1;-1;-1
0;1;-1;331;229;229;3;-1;-1;-1
0;1;-1;665;152;152;2;-1;-1;-1
0;1;1153;338;234;234;8;-1;6081;-1
1;1;-1;293;212;212;18;-1;-1;-1
1;1;-1;248;130;130;2;-1;-1;-1
1;1;-1;417;285;285;2;-1;-1;-1
1;1;-1;418;286;286;2;-1;-1;-1
0;1;-1;982;267;267;1;-1;-1;-1
0;1;556;595;312;312;23;-1;5617;-1
0;1;-1;610;183;183;2;-1;-1;-1
0;1;-1;626;114;114;2;-1;-1;-1
0;1;-1;717;164;164;2;-1;-1;-1
1;1;-1;430;294;294;17;-1;-1;-1
1;1;-1;428;292;292;17;-1;-1;-1
0;1;-1;929;484;484;1;-1;-1;-1
1;1;-1;1049;44;44;2;-1;-1;-1
0;1;-1;812;313;313;2;-1;-1;-1
0;1;267;55;40;40;2;-1;-1;-1
0;1;-1;602;312;312;52;-1;-1;-1
0;1;526;347;69;69;33;-1;5590;-1
0;1;526;336;42;42;23;-1;5590;-1
0;1;526;522;172;172;1;-1;5590;-1
0;1;526;853;369;369;23;-1;5590;-1
0;1;-1;42;41;41;1;-1;-1;-1
0;1;-1;36;35;35;1;-1;-1;-1
0;1;-1;636;380;380;8;-1;-1;-1
0;1;645;290;12;12;1;-1;5688;-1
0;1;193;4;4;4;2;-1;-1;-1
1;1;-1;978;301;301;2;-1;-1;-1
1;1;-1;659;392;392;56;-1;-1;-1
0;1;-1;81;71;71;13;-1;-1;-1
0;1;-1;565;120;120;1;-1;-1;-1
1;1;1876;4;4;4;2;-1;6672;-1
0;1;-1;444;304;304;1;-1;-1;-1
0;1;-1;738;202;202;5;-1;-1;-1
0;1;-1;296;213;213;1;-1;-1;-1
0;1;521;159;131;131;24;-1;5586;-1
0;1;521;377;259;259;3;-1;5586;-1
1;1;-1;883;471;471;2;-1;-1;-1
0;1;-1;814;332;332;2;-1;-1;-1
1;1;-1;608;15;15;2;-1;-1;-1
0;1;-1;771;405;405;2;-1;-1;-1
1;1;-1;700;61;61;2;-1;-1;-1
0;1;344;142;120;120;1;-1;5447;-1
0;1;344;154;72;72;1;-1;5447;-1
0;1;1261;667;220;220;2;-1;-1;-1
1;1;-1;835;356;356;2;-1;-1;-1
0;1;-1;701;2;2;2;-1;-1;-1
0;1;-1;848;328;328;1;-1;-1;-1
0;1;-1;413;284;284;1;-1;-1;-1
0;1;-1;913;463;463;2;-1;-1;-1
0;1;-1;33;33;33;1;-1;-1;-1
1;1;97;639;382;382;2;-1;5255;-1
0;1;-1;755;418;418;32;-1;-1;-1
0;1;-1;89;72;72;2;-1;-1;-1
0;1;-1;864;462;462;5;-1;-1;-1
1;1;-1;609;243;243;2;-1;-1;-1
0;1;-1;949;72;72;2;-1;-1;-1
0;1;-1;915;175;175;2;-1;-1;-1
1;1;-1;991;113;113;2;-1;-1;-1
0;1;-1;266;198;198;2;-1;-1;-1
1;1;-1;267;199;199;2;-1;-1;-1
1;1;152;307;218;218;5;-1;5299;-1
0;1;2188;415;204;204;2;-1;6932;-1
0;1;2188;595;312;312;23;-1;6932;-1
0;1;2188;741;56;56;56;-1;6932;-1
0;1;2188;736;411;411;3;-1;6932;-1
0;1;2188;282;88;88;19;-1;6932;-1
0;1;2188;601;312;312;51;-1;6932;-1
0;1;2188;150;125;125;3;-1;6932;-1
1;1;-1;221;175;175;1;-1;-1;-1
1;1;-1;673;245;245;2;-1;-1;-1
1;1;-1;785;432;431;2;-1;-1;-1
1;1;1123;589;224;224;2;-1;6055;-1
0;1;-1;794;438;438;1;-1;-1;-1
1;1;-1;946;487;487;38;-1;-1;-1
1;1;-1;384;263;263;2;-1;-1;-1
0;1;1307;73;64;64;1;-1;6205;-1
0;1;-1;58;49;49;10;-1;-1;-1
0;1;-1;61;52;52;9;-1;-1;-1
0;1;1326;518;337;337;3;-1;-1;2207
0;1;1326;330;229;229;3;-1;-1;2207
0;1;1326;284;205;205;19;-1;-1;2207
0;1;2096;117;100;100;1;-1;6854;-1
0;1;-1;1007;364;364;2;-1;-1;-1
0;1;529;152;64;64;2;-1;5592;-1
0;1;1311;284;205;205;19;-1;6208;-1
0;1;1311;623;216;216;2;-1;6208;-1
0;1;1311;661;259;259;2;-1;6208;-1
0;1;1311;362;216;216;3;-1;6208;-1
0;1;1311;370;255;255;3;-1;6208;-1
0;1;1311;663;225;225;2;-1;6208;-1
0;1;-1;100;70;70;7;-1;-1;-1
0;1;-1;505;331;331;5;-1;-1;-1
0;1;-1;549;310;310;5;-1;-1;-1
0;1;-1;1025;138;138;5;-1;-1;-1
0;1;-1;769;188;188;2;-1;-1;-1
0;1;-1;358;248;248;3;-1;-1;-1
0;1;-1;1023;502;502;3;-1;-1;-1
0;1;-1;582;26;26;2;-1;-1;-1
1;1;-1;38;37;37;3;-1;-1;-1
0;1;-1;57;28;28;2;-1;-1;-1
0;1;-1;96;82;82;2;-1;-1;-1
0;1;-1;564;24;24;2;-1;-1;-1
0;1;-1;995;132;132;2;-1;-1;-1
1;1;-1;799;443;443;2;-1;-1;-1
1;1;-1;405;279;279;2;-1;-1;-1
0;1;1201;294;56;56;2;-1;6122;-1
0;1;1201;652;72;72;7;-1;6122;-1
0;1;-1;425;133;133;43;-1;-1;-1
0;1;-1;52;46;46;3;-1;-1;-1
1;1;-1;562;92;92;2;-1;-1;-1
1;1;-1;566;263;263;39;-1;-1;-1
1;1;-1;559;358;358;49;-1;-1;-1
1;1;-1;569;361;361;13;-1;-1;-1
1;1;-1;554;356;356;50;-1;-1;-1
1;1;-1;556;358;358;49;-1;-1;-1
0;1;227;4;4;4;2;-1;5354;-1
0;1;-1;911;337;337;46;-1;-1;-1
1;1;-1;558;358;358;49;-1;-1;-1
1;1;-1;916;356;356;2;-1;-1;-1
0;1;-1;484;40;40;2;-1;-1;-1
1;1;296;188;136;136;3;-1;5410;-1
0;1;296;104;51;51;3;-1;5410;-1
0;1;-1;307;78;78;2;-1;-1;-1
0;1;-1;499;40;40;2;-1;-1;-1
0;1;1373;668;129;129;1;-1;-1;-1
1;1;-1;984;495;495;30;-1;-1;-1
0;1;-1;463;315;315;3;-1;-1;-1
1;1;-1;314;221;221;3;-1;-1;-1
0;1;-1;992;113;113;2;-1;-1;-1
0;1;-1;851;40;40;2;-1;-1;-1
0;1;1989;259;193;193;1;-1;-1;-1
0;1;1989;875;272;272;2;-1;-1;-1
0;1;1989;105;89;89;3;-1;-1;-1
1;1;1989;354;245;245;38;-1;-1;-1
0;1;1989;200;161;161;3;-1;-1;-1
1;1;1989;777;426;426;38;-1;-1;-1
1;1;1989;779;251;429;2;-1;-1;-1
0;1;1989;333;20;20;27;-1;-1;-1
1;1;-1;1024;503;503;2;-1;-1;-1
0;1;1996;732;231;231;2;-1;6767;-1
0;1;1996;328;231;231;3;-1;6767;-1
0;1;1996;377;259;259;3;-1;6767;-1
0;1;-1;414;115;115;1;-1;-1;-1
0;1;-1;288;208;208;3;-1;-1;-1
0;1;1715;263;196;196;1;-1;6532;-1
1;1;-1;71;61;61;1;-1;-1;-1
0;1;-1;605;373;373;32;-1;-1;-1
0;1;-1;408;281;281;1;-1;-1;-1
1;1;-1;368;253;253;2;-1;-1;-1
0;1;-1;98;84;84;2;-1;-1;-1
0;1;-1;43;42;42;3;-1;-1;-1
0;1;-1;260;193;193;1;-1;-1;-1
0;1;-1;277;36;36;2;-1;-1;-1
1;1;2509;4;4;4;2;-1;-1;-1
0;1;-1;1001;5;5;2;-1;-1;-1
0;1;-1;687;157;157;2;-1;-1;-1
0;1;-1;324;229;229;2;-1;-1;-1
1;1;-1;356;246;246;40;-1;-1;-1
1;1;-1;691;83;83;2;-1;-1;-1
0;1;1085;51;46;46;3;-1;6029;2526
1;1;1085;667;220;220;2;-1;6029;2526
0;1;1085;396;272;272;3;-1;6029;2526
0;1;-1;280;204;204;19;-1;-1;-1
0;1;-1;48;1;1;2;-1;-1;-1
0;1;-1;815;332;332;2;-1;-1;-1
0;1;-1;816;227;227;2;-1;-1;-1
0;1;-1;770;407;407;2;-1;-1;-1
0;1;-1;813;313;313;2;-1;-1;-1
1;1;-1;698;399;399;38;-1;-1;-1
0;1;210;73;64;64;1;-1;-1;-1
0;1;210;152;64;64;2;-1;-1;-1
0;1;437;72;63;63;11;-1;-1;-1
0;1;437;396;272;272;3;-1;-1;-1
0;1;437;328;231;231;3;-1;-1;-1
0;1;-1;868;193;193;2;-1;-1;-1
1;1;-1;867;464;464;13;-1;-1;-1
0;1;-1;403;278;278;1;-1;-1;-1
0;1;-1;605;43;43;2;-1;-1;-1
1;1;-1;764;217;40;2;-1;-1;-1
0;1;-1;643;383;383;2;-1;-1;-1
0;1;-1;497;324;324;1;-1;-1;-1
0;1;-1;532;40;40;2;-1;-1;-1
0;1;-1;245;186;186;1;-1;-1;-1
0;1;-1;1030;379;379;1;-1;-1;-1
0;1;-1;79;69;69;2;-1;-1;-1
0;1;-1;567;35;35;2;-1;-1;-1
0;1;-1;319;99;99;2;-1;-1;-1
1;1;-1;651;391;390;2;-1;-1;-1
1;1;-1;845;77;77;2;-1;-1;-1
0;1;-1;22;23;23;2;-1;-1;-1
0;1;-1;209;168;168;27;-1;-1;-1
1;1;-1;645;385;384;2;-1;-1;-1
1;1;807;736;411;411;3;-1;5812;-1
0;1;807;47;42;42;3;-1;5812;-1
1;1;807;96;83;83;2;-1;5812;-1
1;1;807;89;37;37;3;-1;5812;-1
0;1;807;39;39;39;3;-1;5812;-1
1;1;-1;357;247;247;2;-1;-1;-1
0;1;1547;201;45;45;18;-1;6389;-1
0;1;1547;455;311;311;1;-1;6389;-1
0;1;1968;180;147;147;1;-1;6746;-1
0;1;1968;486;321;321;25;-1;6746;-1
0;1;1968;640;321;321;2;-1;6746;-1
0;1;1796;507;40;40;2;-1;-1;-1
0;1;1796;375;216;216;3;-1;-1;-1
0;1;1796;362;216;216;3;-1;-1;-1
0;1;1796;413;115;115;1;-1;-1;-1
0;1;1796;467;40;40;2;-1;-1;-1
0;1;1796;623;216;216;2;-1;-1;-1
1;1;1796;477;40;40;2;-1;-1;-1
0;1;1796;150;125;125;3;-1;-1;-1
1;1;-1;801;281;444;57;-1;-1;-1
0;1;2200;176;89;89;3;-1;-1;1929
0;1;2200;1004;89;89;2;-1;-1;1929
0;1;-1;682;60;60;2;-1;-1;-1
0;1;-1;272;138;138;27;-1;-1;-1
0;1;-1;500;43;43;27;-1;-1;-1
0;1;-1;820;446;446;1;-1;-1;-1
0;1;-1;927;483;483;2;-1;-1;-1
1;1;-1;529;344;344;2;-1;-1;-1
0;1;-1;596;312;312;23;-1;-1;-1
1;1;1745;651;86;86;2;-1;6555;-1
0;1;2075;1056;510;509;65;11;6835;-1
0;1;2075;1055;510;509;65;11;6835;-1
0;1;2075;1054;510;509;65;11;6835;-1
0;1;2075;1057;510;509;65;11;6835;-1
0;1;916;144;90;90;3;-1;-1;-1
1;1;-1;442;302;302;2;-1;-1;-1
0;1;-1;600;209;209;2;-1;-1;-1
0;1;-1;739;412;412;1;-1;-1;-1
0;1;1528;849;38;38;1;-1;6374;-1
1;1;862;536;346;346;1;-1;5857;-1
0;1;862;46;45;45;1;-1;5857;-1
0;1;862;458;28;28;1;-1;5857;-1
0;1;-1;734;408;408;2;-1;-1;-1
1;1;-1;590;224;224;2;-1;-1;-1
0;1;-1;226;126;126;5;-1;-1;-1
0;1;-1;716;120;120;2;-1;-1;-1
0;1;-1;74;64;64;1;-1;-1;-1
0;1;-1;107;90;90;2;-1;-1;-1
0;1;-1;704;402;402;1;-1;-1;-1
1;1;-1;767;424;424;38;-1;-1;-1
0;1;-1;895;155;155;1;-1;-1;-1
0;1;1295;4;4;4;2;-1;6197;-1
1;1;163;301;215;215;3;-1;5307;-1
0;1;-1;492;325;325;1;-1;-1;-1
0;1;-1;879;415;415;2;-1;-1;-1
1;1;-1;593;369;369;18;-1;-1;-1
0;1;2085;1055;510;509;65;11;6843;-1
0;1;2085;1054;510;509;65;11;6843;-1
0;1;2085;1057;510;509;65;11;6843;-1
0;1;2085;1056;510;509;65;11;6843;-1
0;1;-1;527;343;343;5;-1;-1;-1
0;1;-1;401;43;43;1;-1;-1;-1
0;1;451;139;38;38;1;-1;5528;-1
1;1;451;736;411;411;3;-1;5528;-1
1;1;451;300;83;83;3;-1;5528;-1
0;1;696;133;115;115;2;-1;5728;-1
1;1;942;4;4;4;2;-1;5922;-1
0;1;-1;857;42;42;2;-1;-1;-1
0;1;1006;188;136;136;3;-1;5972;-1
0;1;69;242;2;2;3;-1;5231;-1
0;1;-1;619;373;373;2;-1;-1;-1
0;1;-1;599;209;209;2;-1;-1;-1
0;1;-1;818;355;355;2;-1;-1;-1
1;1;-1;611;183;183;2;-1;-1;-1
0;1;-1;250;131;131;2;-1;-1;-1
0;1;-1;204;163;163;6;-1;-1;-1
0;1;-1;810;196;196;60;-1;-1;-1
0;1;-1;470;317;317;3;-1;-1;-1
0;1;-1;1005;89;89;2;-1;-1;-1
1;1;-1;807;8;7;2;-1;-1;-1
0;1;-1;575;365;365;27;-1;-1;-1
0;1;-1;963;33;33;2;-1;-1;-1
0;1;2071;635;380;380;8;-1;6831;-1
0;1;1294;1004;89;89;2;-1;-1;-1
1;1;1294;872;45;45;2;-1;-1;-1
0;1;1294;301;215;215;3;-1;-1;-1
1;1;1294;473;203;203;1;-1;-1;-1
0;1;-1;77;67;67;1;-1;-1;-1
0;1;-1;675;82;82;8;-1;-1;-1
0;1;-1;318;224;224;3;-1;-1;-1
1;1;-1;783;135;134;2;-1;-1;-1
0;1;-1;360;181;181;3;-1;-1;-1
0;1;-1;340;113;113;3;-1;-1;-1
0;1;2319;646;387;387;2;-1;7048;-1
0;1;-1;870;45;45;1;-1;-1;-1
1;1;-1;580;355;355;2;-1;-1;-1
1;1;-1;746;290;290;2;-1;-1;-1
1;1;-1;744;414;414;2;-1;-1;-1
0;1;1372;604;373;373;32;-1;6259;-1
1;1;-1;900;476;476;38;-1;-1;-1
0;1;489;135;26;26;1;-1;-1;-1
0;1;489;456;312;312;2;-1;-1;-1
1;1;489;301;215;215;3;-1;-1;-1
1;1;670;62;54;54;5;-1;-1;-1
1;1;2360;25;27;27;2;-1;7083;-1
0;1;-1;141;119;119;22;-1;-1;-1
0;1;-1;655;73;73;2;-1;-1;-1
1;1;1819;7;8;7;2;-1;6624;-1
1;1;-1;761;422;421;2;-1;-1;-1
0;1;-1;770;67;67;2;-1;-1;-1
0;1;-1;174;111;111;3;-1;-1;-1
0;1;-1;612;17;17;40;-1;-1;-1
0;1;-1;263;190;190;1;-1;-1;-1
1;1;251;4;4;4;2;-1;5372;-1
0;1;-1;584;178;178;1;-1;-1;-1
0;1;-1;251;190;190;1;-1;-1;-1
0;1;1989;140;119;119;21;-1;-1;-1
0;1;1989;415;204;204;2;-1;-1;-1
0;1;-1;299;95;95;1;-1;-1;-1
0;1;-1;466;40;40;2;-1;-1;-1
1;1;-1;791;435;435;38;-1;-1;-1
1;1;-1;353;40;40;2;-1;-1;-1
1;1;-1;355;245;245;39;-1;-1;-1
1;1;-1;943;246;246;2;-1;-1;-1
0;1;-1;932;12;12;1;-1;-1;-1
0;1;-1;1015;1;1;2;-1;-1;-1
0;1;-1;970;154;154;2;-1;-1;-1
0;1;-1;1016;11;11;2;-1;-1;-1
1;1;-1;522;233;233;27;-1;-1;-1
0;1;-1;239;181;181;18;-1;-1;-1
0;1;-1;975;492;492;1;-1;-1;-1
0;1;-1;121;103;103;5;-1;-1;-1
0;1;-1;553;355;355;6;-1;-1;-1
1;1;-1;579;367;367;38;-1;-1;-1
1;1;-1;16;17;17;2;-1;-1;-1
0;1;-1;12;12;12;2;-1;-1;-1
0;1;-1;66;57;57;2;-1;-1;-1
0;1;-1;69;38;38;2;-1;-1;-1
0;1;-1;534;301;301;22;-1;-1;-1
1;1;-1;722;251;251;2;-1;-1;-1
1;1;-1;401;275;275;38;-1;-1;-1
0;1;-1;873;137;137;5;-1;-1;-1
0;1;-1;213;170;170;5;-1;-1;-1
0;1;-1;689;129;129;2;-1;-1;-1
0;1;1507;107;91;91;16;-1;6357;-1
0;1;-1;656;24;24;2;-1;-1;-1
0;1;-1;59;50;50;8;-1;-1;-1
0;1;1551;101;75;75;15;-1;6392;-1
1;1;1551;667;220;220;2;-1;6392;-1
0;1;-1;1012;176;176;1;-1;-1;-1
0;1;-1;1011;207;207;34;-1;-1;-1
0;1;2301;116;99;99;1;-1;7031;-1
0;1;2301;727;408;408;1;-1;7031;-1
0;1;2301;278;96;96;2;-1;7031;-1
0;1;2301;126;3;3;9;-1;7031;-1
0;1;2301;51;46;46;3;-1;7031;-1
0;1;2301;111;96;96;1;-1;7031;-1
0;1;-1;877;467;467;1;-1;-1;-1
0;1;2246;77;68;68;3;-1;-1;-1
0;1;-1;435;68;68;2;-1;-1;-1
0;1;-1;108;91;91;17;-1;-1;-1
0;1;1017;477;40;40;2;-1;5980;-1
0;1;-1;648;81;81;16;-1;-1;-1
0;1;-1;376;216;216;3;-1;-1;-1
0;1;-1;371;255;255;3;-1;-1;-1
0;1;2334;734;120;120;2;-1;7062;-1
0;1;2334;23;25;25;6;-1;7062;-1
0;1;-1;503;331;331;5;-1;-1;-1
1;1;-1;343;236;236;2;-1;-1;-1
1;1;-1;345;237;237;38;-1;-1;-1
0;1;-1;322;227;227;1;-1;-1;-1
0;1;-1;120;102;102;18;-1;-1;-1
0;1;-1;154;127;127;3;-1;-1;-1
0;1;-1;151;125;125;3;-1;-1;-1
0;1;-1;149;124;124;3;-1;-1;-1
0;1;-1;759;124;124;2;-1;-1;-1
1;1;-1;871;465;465;5;-1;-1;-1
0;1;-1;366;124;124;6;-1;-1;-1
0;1;-1;249;189;189;20;-1;-1;-1
0;1;-1;382;191;191;3;-1;-1;-1
0;1;2251;582;61;61;1;-1;-1;2766
1;1;-1;802;298;298;2;-1;-1;-1
1;1;-1;201;161;161;3;-1;-1;-1
0;1;-1;196;159;159;27;-1;-1;-1
0;1;-1;502;330;330;5;-1;-1;-1
0;1;-1;592;1;1;18;-1;-1;-1
1;1;1850;200;161;161;3;-1;6650;-1
1;1;-1;524;339;338;2;-1;-1;-1
0;1;-1;83;56;56;2;-1;-1;-1
0;1;-1;987;209;209;18;-1;-1;-1
0;1;-1;709;209;209;2;-1;-1;-1
0;1;-1;718;152;152;1;-1;-1;-1
1;1;-1;923;421;421;38;-1;-1;-1
1;1;-1;922;40;40;2;-1;-1;-1
0;1;-1;964;480;480;1;-1;-1;-1
1;1;-1;436;297;297;44;-1;-1;-1
0;1;-1;122;104;104;6;-1;-1;-1
0;1;-1;283;88;88;19;-1;-1;-1
0;1;-1;378;259;259;3;-1;-1;-1
0;1;-1;11;11;11;1;-1;-1;-1
1;1;1975;53;47;47;2;-1;6751;-1
1;1;1975;4;4;4;2;-1;6751;-1
1;1;1975;124;107;107;2;-1;6751;-1
0;1;206;305;217;217;2;-1;5337;503
0;1;2307;365;124;124;6;-1;7037;-1
0;1;2202;37;37;37;3;-1;6943;-1
0;1;2202;101;75;75;15;-1;6943;-1
0;1;2202;154;72;72;1;-1;6943;-1
0;1;1563;894;475;475;8;-1;6404;677
0;1;1973;979;150;150;1;-1;6750;-1
1;1;593;37;37;37;3;-1;5648;-1
0;1;-1;790;184;184;2;-1;-1;-1
0;1;-1;850;38;38;1;-1;-1;-1
0;1;-1;46;40;40;2;-1;-1;-1
1;1;-1;829;80;80;2;-1;-1;-1
1;1;-1;859;461;461;2;-1;-1;-1
0;1;-1;674;5;5;2;-1;-1;-1
0;1;-1;168;137;137;25;-1;-1;-1
0;1;-1;166;136;136;26;-1;-1;-1
1;1;2478;39;39;39;3;-1;-1;-1
0;1;-1;934;5;5;2;-1;-1;-1
0;1;-1;212;169;169;6;-1;-1;-1
0;1;-1;629;57;57;2;-1;-1;-1
0;1;-1;275;202;202;3;-1;-1;-1
0;1;-1;449;306;306;1;-1;-1;-1
0;1;-1;448;305;305;1;-1;-1;-1
0;1;-1;68;59;59;1;-1;-1;-1
0;1;-1;1045;137;137;2;-1;-1;-1
0;1;-1;509;48;48;3;-1;-1;-1
0;1;-1;104;88;88;2;-1;-1;-1
0;1;-1;608;128;128;2;-1;-1;-1
0;1;-1;348;69;69;33;-1;-1;-1
0;1;-1;932;149;149;2;-1;-1;-1
0;1;-1;82;52;52;2;-1;-1;-1
0;1;-1;756;419;419;1;-1;-1;-1
0;1;1955;73;64;64;1;-1;6735;-1
0;1;-1;544;350;350;22;-1;-1;-1
0;1;-1;983;267;267;1;-1;-1;-1
0;1;-1;150;123;123;24;-1;-1;-1
1;1;-1;669;140;140;3;-1;-1;-1
0;1;-1;952;488;488;2;-1;-1;-1
0;1;-1;745;24;24;7;-1;-1;-1
1;1;-1;771;405;405;2;-1;-1;-1
0;1;-1;157;129;129;2;-1;-1;-1
1;1;-1;422;289;288;2;-1;-1;-1
1;1;1126;4;4;4;2;-1;6058;-1
0;1;-1;683;373;373;1;-1;-1;-1
0;1;1482;284;205;205;19;-1;-1;-1
0;1;-1;10;10;10;5;-1;-1;-1
1;1;-1;908;245;245;17;-1;-1;-1
0;1;-1;632;152;152;1;-1;-1;-1
0;1;-1;970;53;53;38;-1;-1;-1
0;1;-1;971;154;154;2;-1;-1;-1
1;1;-1;449;278;278;2;-1;-1;-1
0;1;2451;633;353;353;2;-1;7161;-1
0;1;1294;746;415;415;3;-1;-1;-1
0;1;1294;156;129;129;2;-1;-1;-1
0;1;1294;357;248;248;3;-1;-1;-1
1;1;1294;386;266;266;2;-1;-1;-1
1;1;1294;375;216;216;3;-1;-1;-1
1;1;1294;22;24;24;1;-1;-1;-1
0;1;1294;136;116;116;2;-1;-1;-1
0;1;1367;141;90;90;3;-1;6256;-1
0;1;1367;106;90;90;2;-1;6256;-1
0;1;1001;148;124;124;3;-1;5967;-1
0;1;-1;913;479;479;27;-1;-1;-1
0;1;-1;715;120;120;1;-1;-1;-1
0;1;-1;677;206;206;1;-1;-1;-1
0;1;-1;694;209;209;8;-1;-1;-1
1;1;-1;97;83;83;2;-1;-1;-1
1;1;-1;232;23;23;5;-1;-1;-1
0;1;-1;153;64;64;2;-1;-1;-1
0;1;111;279;204;204;19;-1;5266;-1
0;1;742;462;315;315;3;-1;-1;-1
0;1;742;72;63;63;11;-1;-1;-1
1;1;-1;423;290;290;2;-1;-1;-1
0;1;2257;372;231;231;41;-1;-1;-1
0;1;2257;330;229;229;3;-1;-1;-1
0;1;2257;456;312;312;2;-1;-1;-1
0;1;-1;991;48;48;2;-1;-1;-1
0;1;-1;797;442;442;8;-1;-1;-1
0;1;-1;498;324;324;1;-1;-1;-1
0;1;-1;958;42;42;2;-1;-1;-1
1;1;-1;431;296;295;2;-1;-1;-1
0;1;-1;782;304;304;2;-1;-1;-1
0;1;-1;917;192;192;1;-1;-1;-1
0;1;-1;880;468;468;1;-1;-1;-1
0;1;-1;451;307;307;35;-1;-1;-1
0;1;1175;4;4;4;2;-1;6102;-1
0;1;-1;621;232;232;54;-1;-1;-1
0;1;-1;919;209;209;2;-1;-1;-1
0;1;-1;920;480;480;2;-1;-1;-1
0;1;-1;585;269;269;2;-1;-1;-1
0;1;-1;19;20;20;2;-1;-1;-1
0;1;-1;169;138;138;5;-1;-1;-1
0;1;-1;876;272;272;2;-1;-1;-1
1;1;-1;526;342;342;39;-1;-1;-1
0;1;-1;726;407;407;1;-1;-1;-1
1;1;-1;352;243;243;3;-1;-1;-1
1;1;-1;392;240;240;2;-1;-1;-1
1;1;-1;708;267;267;2;-1;-1;-1
0;1;-1;1032;95;95;2;-1;-1;-1
0;1;-1;192;155;155;3;-1;-1;-1
1;1;-1;841;410;410;38;-1;-1;-1
0;1;1205;657;376;376;2;-1;6126;-1
1;1;-1;410;282;282;2;-1;-1;-1
0;1;777;205;165;165;2;-1;5789;-1
0;1;777;938;165;165;28;-1;5789;-1
0;1;-1;175;142;142;1;-1;-1;-1
0;1;-1;407;57;57;5;-1;-1;-1
1;1;-1;956;265;265;38;-1;-1;-1
0;1;-1;270;151;151;2;-1;-1;-1
1;1;-1;29;30;30;3;-1;-1;-1
1;1;-1;40;39;39;3;-1;-1;-1
0;1;-1;45;44;44;3;-1;-1;-1
1;1;-1;50;44;44;3;-1;-1;-1
0;1;-1;296;62;62;2;-1;-1;-1
0;1;885;407;43;43;8;-1;5877;-1
0;1;-1;333;232;232;31;-1;-1;-1
0;1;1565;305;217;217;2;-1;-1;-1
1;1;-1;778;428;427;2;-1;-1;-1
0;1;267;486;321;321;25;-1;-1;-1
1;1;-1;80;70;70;1;-1;-1;-1
1;1;-1;389;267;267;13;-1;-1;-1
0;1;-1;555;357;357;1;-1;-1;-1
1;1;-1;387;266;266;2;-1;-1;-1
0;1;-1;217;172;172;13;-1;-1;-1
0;1;-1;1026;138;138;5;-1;-1;-1
1;1;-1;942;486;486;2;-1;-1;-1
1;1;1083;777;428;427;2;-1;6027;-1
0;1;-1;56;48;48;1;-1;-1;-1
0;1;94;595;312;312;23;-1;5252;-1
0;1;94;297;214;214;31;-1;5252;-1
1;1;-1;402;275;275;38;-1;-1;-1
0;1;-1;106;89;89;3;-1;-1;-1
0;1;-1;113;97;97;3;-1;-1;-1
0;1;-1;468;40;40;2;-1;-1;-1
0;1;-1;552;354;354;49;-1;-1;-1
0;1;481;183;150;150;8;-1;-1;-1
0;1;-1;623;17;17;1;-1;-1;-1
0;1;-1;924;481;481;1;-1;-1;-1
0;1;-1;341;113;113;3;-1;-1;-1
1;1;1655;76;67;67;1;-1;6486;-1
0;1;-1;515;157;157;2;-1;-1;-1
0;1;-1;943;5;5;2;-1;-1;-1
0;1;1369;366;46;46;9;-1;-1;-1
0;1;1369;253;191;191;2;-1;-1;-1
1;1;-1;787;256;256;2;-1;-1;-1
0;1;-1;589;40;40;2;-1;-1;-1
0;1;-1;475;40;40;2;-1;-1;-1
1;1;525;301;215;215;3;-1;5589;-1
1;1;525;214;27;27;3;-1;5589;-1
1;1;525;104;51;51;3;-1;5589;-1
0;1;525;181;148;148;3;-1;5589;-1
0;1;525;377;259;259;3;-1;5589;-1
1;1;525;365;233;233;41;-1;5589;-1
0;1;525;372;231;231;41;-1;5589;-1
0;1;525;304;118;118;3;-1;5589;-1
0;1;-1;190;153;153;25;-1;-1;-1
0;1;-1;25;26;26;2;-1;-1;-1
0;1;-1;194;157;157;1;-1;-1;-1
1;1;-1;637;310;310;2;-1;-1;-1
0;1;2353;118;101;101;2;-1;7079;-1
1;1;-1;350;241;241;2;-1;-1;-1
1;1;-1;354;244;244;2;-1;-1;-1
1;1;-1;931;263;263;17;-1;-1;-1
0;1;-1;4;3;3;3;-1;-1;-1
0;1;1222;359;181;181;3;-1;6141;-1
0;1;1222;582;61;61;1;-1;6141;-1
1;1;-1;827;450;449;2;-1;-1;-1
1;1;-1;823;448;448;2;-1;-1;-1
1;1;-1;673;5;5;2;-1;-1;-1
1;1;-1;871;466;98;2;-1;-1;-1
0;1;481;758;124;124;2;-1;-1;-1
0;1;481;138;118;118;2;-1;-1;-1
0;1;-1;537;346;346;1;-1;-1;-1
1;1;-1;76;66;66;1;-1;-1;-1
0;1;-1;833;453;453;1;-1;-1;-1
0;1;1986;290;12;12;1;-1;6759;127
0;1;1986;209;76;76;1;-1;6759;127
0;1;-1;705;42;42;2;-1;-1;-1
0;1;-1;999;5;5;2;-1;-1;-1
0;1;-1;203;162;162;1;-1;-1;-1
0;1;-1;487;321;321;25;-1;-1;-1
0;1;1959;532;184;184;2;-1;6739;-1
0;1;1959;500;329;329;15;-1;6739;-1
0;1;817;106;90;90;2;-1;5822;-1
0;1;2112;73;64;64;1;-1;6869;-1
0;1;-1;1014;357;357;2;-1;-1;-1
1;1;-1;8;8;7;2;-1;-1;-1
1;1;-1;768;342;342;17;-1;-1;-1
0;1;-1;513;40;40;2;-1;-1;-1
0;1;-1;536;314;314;2;-1;-1;-1
1;1;569;79;70;70;1;-1;-1;-1
0;1;-1;992;495;495;2;-1;-1;-1
1;1;-1;1044;355;355;2;-1;-1;-1
1;1;-1;700;401;401;2;-1;-1;-1
0;1;-1;925;482;482;62;-1;-1;-1
0;1;569;486;321;321;25;-1;-1;-1
0;1;569;141;90;90;3;-1;-1;-1
0;1;-1;73;63;63;12;-1;-1;-1
0;1;-1;75;65;65;9;-1;-1;-1
0;1;-1;572;362;362;3;-1;-1;-1
0;1;-1;533;184;184;2;-1;-1;-1
0;1;-1;128;109;109;20;-1;-1;-1
0;1;-1;825;40;40;2;-1;-1;-1
0;1;-1;494;327;327;1;-1;-1;-1
0;1;-1;78;68;68;3;-1;-1;-1
0;1;-1;954;445;445;2;-1;-1;-1
0;1;-1;956;189;189;2;-1;-1;-1
0;1;-1;392;269;269;1;-1;-1;-1
0;1;-1;273;201;201;1;-1;-1;-1
1;1;-1;452;263;263;2;-1;-1;-1
0;1;-1;118;100;100;1;-1;-1;-1
0;1;-1;274;1;1;36;-1;-1;-1
0;1;-1;240;182;182;3;-1;-1;-1
0;1;2322;474;40;40;2;-1;7051;-1
0;1;-1;826;447;447;1;-1;-1;-1
1;1;-1;650;391;390;2;-1;-1;-1
1;1;-1;539;9;9;2;-1;-1;-1
0;1;-1;41;40;40;2;-1;-1;-1
0;1;-1;976;492;492;1;-1;-1;-1
1;1;-1;115;14;98;2;-1;-1;-1
0;1;-1;312;176;176;2;-1;-1;-1
0;1;-1;329;231;231;3;-1;-1;-1
0;1;-1;462;314;314;3;-1;-1;-1
0;1;-1;597;111;111;2;-1;-1;-1
0;1;-1;271;61;61;2;-1;-1;-1
1;1;-1;1017;500;430;2;-1;-1;-1
0;1;-1;1066;511;512;65;-1;-1;-1
0;1;-1;713;60;60;2;-1;-1;-1
0;1;-1;571;51;51;8;-1;-1;-1
0;1;-1;85;73;73;2;-1;-1;-1
1;1;-1;178;144;144;2;-1;-1;-1
1;1;-1;626;6;6;2;-1;-1;-1
0;1;-1;98;85;85;2;-1;-1;-1
0;1;1707;77;68;68;3;-1;-1;-1
0;1;1707;469;317;317;3;-1;-1;-1
0;1;-1;88;76;76;1;-1;-1;-1
0;1;-1;811;81;81;2;-1;-1;-1
0;1;-1;173;141;141;2;-1;-1;-1
0;1;-1;1043;198;198;2;-1;-1;-1
1;1;-1;909;478;478;2;-1;-1;-1
1;1;-1;702;2;2;2;-1;-1;-1
1;1;-1;610;183;183;2;-1;-1;-1
1;1;-1;626;114;114;2;-1;-1;-1
0;1;-1;828;180;180;2;-1;-1;-1
0;1;-1;324;228;228;37;-1;-1;-1
0;1;-1;486;320;320;2;-1;-1;-1
0;1;-1;24;25;25;7;-1;-1;-1
0;1;-1;965;199;199;38;-1;-1;-1
0;1;1173;73;64;64;1;-1;6101;-1
0;1;-1;51;40;40;2;-1;-1;-1
0;1;-1;228;75;75;13;-1;-1;-1
0;1;467;292;160;160;1;-1;5542;-1
0;1;-1;205;164;164;1;-1;-1;-1
1;1;-1;806;435;435;2;-1;-1;-1
0;1;-1;395;218;218;2;-1;-1;-1
0;1;-1;1027;364;364;12;-1;-1;-1
0;1;-1;538;347;347;1;-1;-1;-1
0;1;-1;904;347;347;2;-1;-1;-1
0;1;-1;902;214;214;2;-1;-1;-1
0;1;-1;37;36;36;1;-1;-1;-1
0;1;667;319;225;225;3;-1;5705;-1
0;1;-1;170;17;17;27;-1;-1;-1
0;1;-1;620;211;211;2;-1;-1;-1
0;1;-1;752;417;417;6;-1;-1;-1
0;1;1796;462;315;315;3;-1;-1;-1
0;1;-1;24;26;26;2;-1;-1;-1
0;1;-1;962;114;114;2;-1;-1;-1
1;1;-1;897;254;254;18;-1;-1;-1
0;1;-1;961;243;243;2;-1;-1;-1
1;1;-1;899;273;273;2;-1;-1;-1
0;1;-1;964;199;199;38;-1;-1;-1
0;1;-1;214;168;168;6;-1;-1;-1
1;1;-1;898;400;400;38;-1;-1;-1
0;1;-1;967;455;455;2;-1;-1;-1
1;1;-1;858;461;461;2;-1;-1;-1
1;1;-1;802;436;436;2;-1;-1;-1
1;1;-1;90;37;37;3;-1;-1;-1
0;1;-1;1047;235;235;2;-1;-1;-1
1;1;-1;386;265;265;2;-1;-1;-1
0;1;2031;459;313;313;5;-1;6796;-1
1;1;-1;158;130;130;5;-1;-1;-1
0;1;-1;15;16;16;1;-1;-1;-1
0;1;-1;634;353;353;2;-1;-1;-1
1;1;-1;973;411;411;2;-1;-1;-1
1;1;2467;1051;508;507;65;2;7172;-1
0;1;2467;1050;508;507;65;2;7172;-1
0;1;2467;1053;508;507;65;2;7172;-1
1;1;2467;1052;508;507;65;2;7172;-1
0;1;1294;189;153;153;25;-1;-1;-1
0;1;1990;307;218;218;5;-1;6762;-1
0;1;-1;48;42;42;3;-1;-1;-1
0;1;-1;182;148;148;3;-1;-1;-1
0;1;-1;875;123;123;2;-1;-1;-1
0;1;341;473;203;203;1;-1;-1;-1
0;1;2462;231;23;23;5;-1;7168;-1
1;1;2462;783;14;430;2;-1;7168;-1
1;1;-1;103;87;87;2;-1;-1;-1
1;1;-1;328;79;79;1;-1;-1;-1
0;1;-1;143;120;120;1;-1;-1;-1
0;1;-1;982;495;495;14;-1;-1;-1
0;1;1988;560;359;359;2;-1;6761;-1
0;1;1988;594;359;359;6;-1;6761;-1
1;1;-1;731;410;410;2;-1;-1;-1
0;1;1858;140;119;119;21;-1;-1;-1
0;1;1858;746;415;415;3;-1;-1;-1
0;1;1858;53;47;47;2;-1;-1;-1
0;1;1858;734;120;120;2;-1;-1;-1
1;1;265;370;255;255;3;-1;5384;-1
0;1;265;485;320;320;2;-1;5384;-1
0;1;265;153;127;127;3;-1;5384;-1
0;1;265;125;108;108;6;-1;5384;-1
0;1;265;239;182;182;3;-1;5384;-1
0;1;265;308;219;219;3;-1;5384;-1
0;1;265;150;125;125;3;-1;5384;-1
0;1;265;93;80;80;3;-1;5384;-1
0;1;265;330;229;229;3;-1;5384;-1
1;1;265;28;30;30;3;-1;5384;-1
1;1;265;651;86;86;2;-1;5384;-1
1;1;265;194;158;158;1;-1;5384;-1
0;1;265;163;133;133;3;-1;5384;-1
0;1;265;597;320;320;3;-1;5384;-1
0;1;265;684;317;317;2;-1;5384;-1
0;1;265;1012;291;291;2;-1;5384;-1
0;1;265;122;105;105;2;-1;5384;-1
1;1;265;100;86;86;3;-1;5384;-1
0;1;265;469;317;317;3;-1;5384;-1
0;1;265;77;68;68;3;-1;5384;-1
0;1;-1;309;219;219;3;-1;-1;-1
0;1;-1;588;50;50;2;-1;-1;-1
0;1;-1;235;179;179;1;-1;-1;-1
0;1;-1;114;76;76;19;-1;-1;-1
0;1;2138;30;28;28;7;-1;-1;-1
0;1;2138;458;28;28;1;-1;-1;-1
0;1;-1;596;111;111;2;-1;-1;-1
0;1;-1;972;490;490;2;-1;-1;-1
1;1;-1;439;300;300;2;-1;-1;-1
0;1;-1;469;28;28;1;-1;-1;-1
1;1;-1;901;298;298;2;-1;-1;-1
0;1;-1;18;19;19;3;-1;-1;-1
0;1;-1;20;21;21;2;-1;-1;-1
1;1;-1;872;466;98;2;-1;-1;-1
0;1;-1;573;363;363;6;-1;-1;-1
1;1;-1;796;441;441;2;-1;-1;-1
1;1;-1;721;352;352;13;-1;-1;-1
1;1;-1;846;424;424;62;-1;-1;-1
0;1;-1;496;29;29;47;-1;-1;-1
0;1;-1;491;40;40;2;-1;-1;-1
0;1;-1;385;264;264;3;-1;-1;-1
1;1;-1;644;385;384;2;-1;-1;-1
0;1;-1;373;231;231;42;-1;-1;-1
